,Age,Attrition,Department,DistanceFromHome,Education,Gender,JobInvolvement,JobLevel,JobRole,JobSatisfaction,MaritalStatus,MonthlyIncome,NumCompaniesWorked,PercentSalaryHike,PerformanceRating,RelationshipSatisfaction,StockOptionLevel,TotalWorkingYears,WorkLifeBalance,YearsAtCompany,YearsInCurrentRole,YearsSinceLastPromotion
0,41,1,3,1,2,0,3,2,1,4,1,5993,8,11,3,1,0,8,1,6,4,0
1,49,0,2,8,1,1,2,2,2,2,2,5130,1,23,4,4,1,10,3,10,7,1
2,37,1,2,2,2,1,2,1,3,3,1,2090,6,15,3,2,0,7,3,0,0,0
3,33,0,2,3,4,0,3,1,2,3,2,2909,1,11,3,3,0,8,3,8,7,3
4,27,0,2,2,1,1,3,1,3,2,2,3468,9,12,3,4,1,6,3,2,2,2
5,32,0,2,2,2,1,3,1,3,4,1,3068,0,13,3,3,0,8,2,7,7,3
6,59,0,2,3,3,0,4,1,3,1,2,2670,4,20,4,1,3,12,2,1,0,0
7,30,0,2,24,1,1,3,1,3,3,3,2693,1,22,4,2,1,1,3,1,0,0
8,38,0,2,23,3,1,2,3,4,3,1,9526,0,21,4,2,0,10,3,9,7,1
9,36,0,2,27,3,1,3,2,5,3,2,5237,6,13,3,2,2,17,2,7,7,7
10,35,0,2,16,3,1,4,1,3,2,2,2426,0,13,3,3,1,6,3,5,4,0
11,29,0,2,15,2,0,2,2,3,3,1,4193,0,12,3,4,0,10,3,9,5,0
12,31,0,2,26,1,1,3,1,2,3,3,2911,1,17,3,4,1,5,2,5,2,4
13,34,0,2,19,2,1,3,1,3,4,3,2661,0,11,3,3,1,3,3,2,2,1
14,28,1,2,24,3,1,2,1,3,3,1,2028,5,14,3,2,0,6,3,4,2,0
15,29,0,2,21,4,0,4,3,4,1,3,9980,1,11,3,3,1,10,3,10,9,8
16,32,0,2,5,2,1,4,1,2,2,3,3298,0,12,3,4,2,7,2,6,2,0
17,22,0,2,16,2,1,4,1,3,4,3,2935,1,13,3,2,2,1,2,1,0,0
18,53,0,3,2,4,0,2,4,6,4,2,15427,2,16,3,3,0,31,3,25,8,3
19,38,0,2,2,3,1,3,1,2,4,1,3944,5,11,3,3,0,6,3,3,2,1
20,24,0,2,11,2,0,4,2,4,3,3,4011,0,18,3,4,1,5,2,4,2,1
21,36,1,3,9,4,1,2,1,7,1,1,3407,7,23,4,2,0,10,3,5,3,0
22,34,0,2,7,4,0,3,3,8,2,1,11994,0,11,3,3,0,13,3,12,6,2
23,21,0,2,15,2,1,3,1,2,4,1,1232,1,14,3,4,0,0,3,0,0,0
24,34,1,2,6,1,1,3,1,2,1,1,2960,2,11,3,3,0,8,3,4,2,1
25,53,0,2,5,3,0,3,5,6,3,3,19094,4,11,3,4,1,26,2,14,13,4
26,32,1,2,16,1,0,1,1,2,1,1,3919,1,22,4,2,0,10,3,10,2,6
27,42,0,3,8,4,1,3,2,1,2,2,6825,0,11,3,4,1,10,3,9,7,4
28,44,0,2,7,4,0,2,3,5,4,2,10248,3,14,3,4,1,24,3,22,6,5
29,46,0,3,2,4,0,3,5,6,1,1,18947,3,12,3,4,0,22,2,2,2,2
30,33,0,2,2,3,1,3,1,3,4,1,2496,4,11,3,4,0,7,3,1,1,0
31,44,0,2,10,4,1,3,2,5,4,2,6465,2,13,3,4,0,9,4,4,2,1
32,30,0,2,9,2,1,2,1,3,3,1,2206,1,13,3,1,0,10,3,10,0,1
33,39,1,3,5,3,1,3,2,7,4,2,2086,3,14,3,3,1,19,4,1,0,0
34,24,1,2,1,3,1,3,1,2,4,2,2293,2,16,3,1,1,6,2,2,0,2
35,43,0,2,2,2,0,4,1,2,3,3,2645,1,12,3,4,2,6,2,5,3,1
36,50,1,3,3,2,1,2,1,7,3,2,2683,1,14,3,3,0,3,3,3,2,0
37,35,0,3,2,3,0,3,1,7,4,2,2014,1,13,3,1,0,2,3,2,2,2
38,36,0,2,5,4,0,2,1,2,1,2,3419,9,14,3,4,1,6,4,1,1,0
39,33,0,3,1,3,0,4,2,1,1,2,5376,2,19,3,1,2,10,3,5,3,1
40,35,0,2,4,2,1,3,1,3,4,3,1951,1,12,3,3,1,1,3,1,0,0
41,27,0,2,2,4,0,3,1,3,1,3,2341,1,13,3,4,1,1,3,1,0,0
42,26,1,2,25,3,1,1,1,3,3,1,2293,1,12,3,3,0,1,2,1,0,0
43,27,0,3,8,3,1,3,3,1,3,1,8726,1,15,3,4,0,9,3,9,8,1
44,30,0,2,1,2,0,3,2,3,4,1,4011,1,23,4,4,0,12,3,12,8,3
45,41,1,2,12,3,0,3,5,8,3,2,19545,1,12,3,4,0,23,3,22,15,15
46,34,0,3,23,4,1,3,2,1,3,1,4568,0,20,4,3,0,10,3,9,5,8
47,37,0,2,19,2,1,3,1,2,2,2,3022,4,21,4,1,0,8,3,1,0,0
48,46,0,3,5,4,1,3,2,1,4,1,5772,4,21,4,3,0,14,3,9,6,0
49,35,0,2,8,1,1,4,1,3,4,2,2269,1,19,3,4,0,1,3,1,0,0
50,48,1,2,1,2,1,2,3,3,3,1,5381,9,13,3,4,0,23,3,1,0,0
51,28,1,2,5,4,1,3,1,3,3,1,3441,1,13,3,3,0,2,2,2,2,2
52,44,0,3,1,5,0,3,2,1,1,3,5454,5,21,4,3,1,9,2,4,3,1
53,35,0,2,11,2,1,2,3,5,1,2,9884,2,13,3,3,1,10,3,4,0,2
54,26,0,3,23,3,0,2,2,1,4,2,4157,7,19,3,3,1,5,2,2,2,0
55,33,0,2,1,2,0,3,3,8,4,1,13458,1,12,3,3,0,15,3,15,14,8
56,35,0,3,18,5,1,3,3,1,1,2,9069,1,22,4,4,1,9,2,9,8,1
57,35,0,2,23,4,0,3,1,3,1,2,4014,3,15,3,3,1,4,3,2,2,2
58,31,0,2,7,4,1,3,2,3,4,3,5915,3,22,4,4,1,10,2,7,7,1
59,37,0,2,1,4,1,2,2,4,3,3,5993,1,18,3,3,1,7,4,7,5,0
60,32,0,2,1,3,1,3,2,4,4,2,6162,1,22,4,2,1,9,3,9,8,7
61,38,0,2,29,5,0,3,2,3,4,1,2406,1,11,3,4,0,10,3,10,3,9
62,50,0,2,7,2,0,2,5,8,3,3,18740,5,12,3,4,1,29,2,27,3,13
63,59,0,3,25,3,0,3,3,1,1,1,7637,7,11,3,4,0,28,2,21,16,7
64,36,0,2,8,3,0,3,3,5,3,3,10096,1,13,3,2,3,17,3,17,14,12
65,55,0,2,8,3,0,3,4,6,3,3,14756,2,14,3,3,3,21,3,5,0,0
66,36,0,2,11,3,1,2,2,4,2,1,6499,1,13,3,3,0,6,3,6,5,0
67,45,0,2,7,3,1,3,3,2,1,3,9724,2,17,3,3,1,25,3,1,0,0
68,35,0,2,1,3,1,3,1,2,1,2,2194,4,13,3,4,1,5,2,3,2,1
69,36,1,2,9,3,1,2,1,2,3,2,3388,0,17,3,1,1,2,2,1,0,0
70,59,0,3,1,1,0,2,2,1,3,1,5473,7,11,3,4,0,20,2,4,3,1
71,29,0,2,2,3,1,3,1,2,2,2,2703,0,23,4,4,1,6,3,5,4,0
72,31,0,2,1,4,1,3,1,2,2,1,2501,1,17,3,2,0,1,3,1,1,1
73,32,0,2,1,3,1,3,2,2,2,2,6220,1,17,3,2,2,10,3,10,4,0
74,36,0,2,6,3,0,4,1,3,4,2,3038,3,12,3,2,0,5,3,1,0,0
75,31,0,2,8,4,0,3,2,4,4,1,4424,1,23,4,4,0,11,3,11,7,1
76,35,0,3,1,4,1,2,2,1,1,1,4312,0,14,3,2,0,16,3,15,13,2
77,45,0,2,6,4,1,3,3,8,1,2,13245,4,14,3,2,0,17,4,0,0,0
78,37,0,2,7,4,1,3,3,8,3,1,13664,4,13,3,1,0,16,4,5,2,0
79,46,0,1,5,2,1,3,2,9,2,3,5021,8,22,4,4,1,16,3,4,2,0
80,30,0,2,1,1,1,2,2,3,4,2,5126,1,12,3,3,2,10,2,10,8,3
81,35,0,2,1,3,1,2,1,2,3,1,2859,1,18,3,1,0,6,3,6,4,0
82,55,0,3,1,2,1,3,3,1,4,2,10239,3,14,3,4,1,24,3,1,0,1
83,38,0,2,6,3,0,1,2,2,4,3,5329,7,12,3,4,3,17,3,13,11,1
84,34,0,2,1,2,1,3,2,4,2,2,4325,1,15,3,3,0,5,3,5,2,1
85,56,0,2,7,3,1,1,3,4,4,1,7260,4,11,3,1,0,37,2,6,4,0
86,23,0,3,2,1,1,3,1,7,1,3,2322,3,13,3,3,1,3,3,0,0,0
87,51,0,2,9,4,1,3,1,3,4,2,2075,3,23,4,2,2,10,3,4,2,0
88,30,0,2,2,3,1,2,2,5,4,2,4152,1,19,3,1,3,11,3,11,10,10
89,46,1,3,9,2,1,2,3,1,4,1,9619,1,16,3,4,0,9,3,9,8,4
90,40,0,2,1,4,1,2,4,5,2,2,13503,1,22,4,4,1,22,2,22,3,11
91,51,0,3,21,4,1,3,2,1,4,1,5441,0,22,4,4,0,11,1,10,7,1
92,30,0,3,4,2,0,2,2,1,2,3,5209,1,12,3,2,3,11,2,11,8,2
93,46,0,2,1,3,1,2,3,5,1,2,10673,2,13,3,3,1,21,2,10,9,9
94,32,0,3,6,4,1,3,2,1,3,1,5010,1,16,3,1,0,12,3,11,8,5
95,54,0,2,2,4,0,3,3,8,3,2,13549,9,12,3,1,1,16,1,4,3,0
96,24,0,3,3,2,0,3,2,1,3,2,4999,0,21,4,1,1,4,2,3,2,0
97,28,0,3,4,3,1,3,2,1,3,2,4221,1,15,3,2,0,5,4,5,4,0
98,58,0,3,10,4,1,3,4,1,3,1,13872,0,13,3,3,0,38,2,37,10,1
99,44,0,2,23,3,1,3,2,3,2,2,2042,4,12,3,3,1,17,4,3,2,1
100,37,1,1,6,4,1,3,1,9,1,3,2073,4,22,4,4,0,7,3,3,2,0
101,32,0,2,1,1,1,3,1,2,1,1,2956,1,13,3,4,0,1,3,1,0,0
102,20,1,2,6,3,0,2,1,3,4,1,2926,1,18,3,2,0,1,3,1,0,1
103,34,0,2,6,4,0,3,2,2,3,1,4809,1,14,3,3,0,16,3,16,13,2
104,37,0,2,2,2,1,2,2,5,4,3,5163,5,14,3,4,1,17,4,1,0,0
105,59,0,1,2,4,0,2,5,6,4,2,18844,9,21,4,4,1,30,3,3,2,2
106,50,0,2,1,3,0,3,5,8,2,2,18172,3,19,3,1,0,28,2,8,3,0
107,25,1,3,5,3,1,2,2,1,3,1,5744,1,11,3,4,0,6,3,6,4,0
108,25,0,2,7,1,1,2,1,2,4,2,2889,1,11,3,3,2,2,3,2,2,2
109,22,0,2,15,3,0,3,1,3,4,1,2871,1,15,3,3,0,1,3,0,0,0
110,51,0,2,1,4,0,2,3,5,1,1,7484,3,20,4,3,0,23,2,13,12,12
111,34,1,2,7,3,1,1,2,3,3,1,6074,1,24,4,4,0,9,3,9,7,0
112,54,0,1,26,3,0,4,4,6,4,1,17328,2,12,3,3,0,23,3,5,3,4
113,24,0,2,18,1,1,3,1,3,3,2,2774,0,12,3,3,1,6,3,5,3,1
114,34,0,2,6,4,0,2,2,2,2,3,4505,6,15,3,3,1,12,3,1,0,0
115,37,0,3,3,3,1,3,3,1,4,1,7428,2,12,3,1,0,12,3,5,3,1
116,34,0,2,5,3,0,2,3,6,1,1,11631,2,12,3,4,0,14,3,11,10,5
117,36,0,3,11,2,0,3,3,1,4,2,9738,0,14,3,3,1,10,3,9,7,2
118,36,0,2,3,2,0,3,1,3,4,3,2835,5,22,4,1,1,7,3,1,0,0
119,43,0,3,26,2,1,3,4,6,4,2,16959,1,12,3,4,2,25,4,25,12,4
120,30,0,2,23,3,1,1,1,2,3,3,2613,1,25,4,3,3,10,2,10,7,0
121,33,0,3,22,2,1,3,2,1,2,2,6146,0,13,3,1,1,8,4,7,7,0
122,56,1,2,14,4,0,3,1,2,2,2,4963,9,18,3,1,3,7,3,5,4,4
123,51,0,2,6,3,1,3,5,8,3,1,19537,7,13,3,3,0,23,3,20,18,15
124,31,1,3,6,4,1,1,2,1,3,2,6172,4,18,3,2,0,12,2,7,7,7
125,26,0,2,6,3,0,2,1,2,2,2,2368,1,19,3,3,0,5,2,5,4,4
126,58,1,2,23,4,0,3,3,5,4,2,10312,1,12,3,4,1,40,2,40,10,15
127,19,1,3,22,1,1,3,1,7,3,1,1675,1,19,3,4,0,0,2,0,0,0
128,22,0,2,2,1,1,3,1,3,4,2,2523,0,14,3,3,1,3,3,2,1,2
129,49,0,2,20,4,0,3,2,4,1,2,6567,1,14,3,3,0,16,2,15,11,5
130,43,0,2,28,3,0,4,1,2,3,1,4739,4,12,3,4,0,18,3,3,2,1
131,50,0,3,12,3,0,3,3,1,4,1,9208,4,11,3,4,0,16,3,2,2,2
132,31,1,3,20,3,0,1,2,1,3,2,4559,3,11,3,3,1,4,3,2,2,2
133,41,0,3,9,1,1,3,3,1,3,3,8189,3,13,3,3,1,12,3,9,7,0
134,26,0,1,25,1,0,3,1,9,3,2,2942,1,23,4,4,1,8,3,8,7,5
135,36,0,2,6,2,1,3,2,4,2,3,4941,6,20,4,4,2,7,3,3,2,0
136,51,1,2,8,4,1,1,3,4,4,1,10650,2,15,3,4,0,18,3,4,2,0
137,39,0,3,4,4,0,2,2,1,3,2,5902,4,14,3,3,1,17,4,15,11,5
138,25,0,3,28,3,1,2,2,1,3,2,8639,2,18,3,4,0,6,3,2,2,2
139,30,0,1,9,3,1,3,2,9,4,2,6347,0,19,3,4,0,12,1,11,9,4
140,32,1,2,9,3,0,3,1,3,1,1,4200,7,22,4,1,0,10,4,5,4,0
141,45,0,2,29,3,1,3,1,2,4,1,3452,5,13,3,2,0,9,2,6,5,0
142,38,0,2,3,5,0,3,2,2,3,1,4317,3,20,4,2,0,19,3,3,2,2
143,30,0,2,18,3,0,3,1,2,3,1,2632,1,14,3,3,0,5,2,5,4,0
144,32,0,3,9,2,1,1,2,1,4,3,4668,0,17,3,4,3,9,4,8,7,0
145,30,0,2,5,3,0,3,1,2,1,3,3204,5,14,3,4,1,8,3,3,2,2
146,30,0,2,2,1,1,2,1,3,4,1,2720,0,13,3,4,0,6,3,5,3,1
147,41,0,2,10,3,1,2,4,6,1,3,17181,4,13,3,2,1,21,2,7,6,7
148,41,0,2,9,4,1,3,1,3,1,2,2238,2,21,4,4,1,7,3,5,0,1
149,19,0,2,3,1,0,3,1,3,2,1,1483,1,14,3,4,0,1,3,1,0,0
150,40,0,2,26,3,0,3,2,2,2,3,5605,1,11,3,1,1,20,3,20,7,2
151,35,0,3,1,5,1,3,3,1,2,2,7295,1,13,3,1,2,10,3,10,8,0
152,53,0,3,6,2,1,3,2,7,3,2,2306,2,20,4,4,1,13,1,7,7,4
153,45,0,2,9,3,1,3,2,3,2,3,2348,8,18,3,3,1,20,1,17,9,0
154,32,0,3,8,3,0,3,3,1,4,1,8998,1,14,3,4,0,9,3,9,8,3
155,29,0,2,1,1,1,3,2,4,3,2,4319,1,13,3,1,1,10,3,10,7,0
156,51,0,2,7,4,1,2,2,4,3,2,6132,2,17,3,3,0,10,3,1,0,0
157,58,0,2,9,3,0,2,1,2,2,2,3346,4,20,4,2,1,9,2,1,0,0
158,40,0,3,4,4,1,2,3,1,4,2,10855,7,11,3,1,1,15,2,12,11,2
159,34,0,3,2,4,0,3,1,7,3,2,2231,6,18,3,4,1,6,3,4,3,1
160,22,0,2,19,1,1,3,1,2,4,2,2323,1,24,4,1,2,2,3,2,2,2
161,27,0,2,9,3,1,3,1,2,2,3,2024,6,18,3,4,1,6,1,2,2,2
162,28,0,2,21,3,1,3,1,2,4,2,2713,1,11,3,3,1,5,1,5,2,0
163,57,0,2,24,2,1,4,3,5,4,3,9439,3,16,3,2,1,12,1,5,3,1
164,27,0,2,3,3,1,2,1,2,3,3,2566,1,15,3,4,1,1,2,1,1,0
165,50,0,2,11,3,0,3,5,6,2,1,19926,3,15,3,2,0,21,3,5,4,4
166,41,0,2,14,3,1,3,1,2,3,3,2451,4,12,3,1,1,13,3,9,8,1
167,30,0,3,5,3,0,3,3,1,4,2,9419,2,12,3,3,1,12,3,10,9,7
168,38,0,3,1,4,0,2,2,1,4,1,8686,4,22,4,3,0,12,4,8,3,0
169,32,0,2,6,5,1,3,1,2,3,1,3038,3,20,4,1,0,8,3,5,4,1
170,27,0,2,17,3,1,3,1,2,2,2,3058,0,16,3,4,1,6,2,5,2,1
171,19,1,3,1,1,0,1,1,7,1,1,2325,0,21,4,1,0,1,4,0,0,0
172,36,0,2,3,2,1,3,1,3,2,1,2088,4,12,3,3,0,13,2,8,7,7
173,30,0,2,9,3,1,3,2,3,1,3,3072,1,11,3,3,2,12,3,12,9,6
174,45,0,3,4,2,0,3,2,1,1,3,5006,4,11,3,1,1,9,4,5,4,0
175,56,0,2,8,3,0,3,1,2,1,3,4257,4,18,3,3,1,19,3,2,2,2
176,33,0,2,2,3,1,3,1,2,4,1,2500,0,14,3,1,0,4,4,3,1,0
177,19,1,2,2,3,1,2,1,3,4,1,1102,1,22,4,3,0,1,2,1,0,1
178,46,0,3,1,2,0,3,3,1,1,3,10453,1,25,4,3,3,24,3,24,13,15
179,38,0,2,9,2,0,3,1,3,4,1,2288,1,12,3,3,0,2,3,2,2,2
180,31,0,2,12,1,0,3,1,2,4,2,3929,8,23,4,3,1,7,3,4,2,0
181,34,0,2,27,2,0,3,1,2,2,1,2311,2,15,3,4,0,9,3,3,2,1
182,41,1,3,20,2,0,3,1,7,2,1,3140,1,22,4,4,0,4,2,4,3,0
183,50,0,2,1,3,1,2,1,3,3,2,3690,2,15,3,4,1,5,2,3,2,0
184,53,0,2,13,2,0,4,2,4,1,3,4450,1,11,3,3,2,5,3,4,2,1
185,33,0,2,14,3,0,3,1,2,2,2,2756,1,13,3,4,1,8,3,8,7,1
186,40,0,2,4,1,0,3,5,6,3,2,19033,1,14,3,2,1,21,3,20,8,9
187,55,0,2,14,4,1,4,5,8,2,1,18722,8,11,3,4,0,36,3,24,15,2
188,34,0,2,2,1,1,2,2,4,3,2,9547,1,17,3,3,0,10,2,10,9,1
189,51,0,2,3,3,0,3,4,5,2,1,13734,3,18,3,3,0,21,3,7,7,1
190,52,0,2,1,4,1,2,5,6,3,2,19999,0,14,3,1,1,34,3,33,18,11
191,27,0,2,9,3,0,3,1,2,2,1,2279,1,16,3,4,0,7,2,7,7,0
192,35,1,2,23,2,1,2,2,4,3,2,5916,3,13,3,1,0,8,3,1,0,0
193,43,0,2,7,3,1,4,1,2,4,3,2089,4,14,3,4,3,7,4,5,4,2
194,45,0,2,2,2,1,2,4,6,4,2,16792,9,23,4,4,1,22,3,20,8,11
195,37,0,2,21,3,1,4,1,2,1,2,3564,1,12,3,1,1,8,2,8,7,1
196,35,0,2,2,3,0,3,2,3,2,1,4425,5,11,3,4,0,10,3,6,2,1
197,42,0,2,21,2,0,3,2,4,3,3,5265,2,16,3,2,1,11,3,5,3,0
198,38,0,2,2,4,1,3,2,4,3,2,6553,9,14,3,2,0,14,3,1,0,0
199,38,0,2,29,3,1,3,2,4,4,2,6261,3,18,3,1,1,9,1,7,7,1
200,27,0,2,1,1,1,2,2,4,1,2,4298,5,19,3,3,1,6,3,2,2,2
201,49,0,2,18,4,1,3,2,4,4,3,6804,1,15,3,1,2,7,3,7,7,1
202,34,0,2,10,4,1,3,1,2,3,3,3815,1,17,3,4,1,5,4,5,3,2
203,40,0,2,19,2,1,3,2,3,4,2,2741,8,15,3,3,1,15,4,7,2,3
204,38,1,2,29,1,1,3,2,5,1,2,6673,7,19,3,2,0,17,3,1,0,0
205,29,1,3,27,3,0,3,3,1,4,2,7639,1,22,4,4,3,10,2,10,4,1
206,22,0,2,5,3,1,4,1,2,2,3,2328,1,16,3,1,1,4,2,4,2,2
207,36,0,2,18,1,0,3,1,3,4,1,2153,1,13,3,1,0,8,3,8,1,1
208,40,0,2,9,5,1,2,2,5,4,2,4876,9,14,3,4,1,5,1,3,2,0
209,46,0,2,1,4,1,3,3,5,1,3,9396,7,16,3,3,1,17,3,4,2,0
210,32,1,3,4,4,1,1,3,1,4,2,10400,1,11,3,3,0,14,2,14,8,9
211,30,0,2,1,1,1,2,3,4,3,1,8474,1,22,4,3,0,12,3,11,8,5
212,27,0,3,20,3,0,3,2,1,3,1,9981,1,14,3,4,0,7,3,7,7,0
213,51,0,2,8,4,1,2,3,8,2,2,12490,5,16,3,4,2,16,1,10,9,4
214,30,1,2,3,3,0,3,1,2,1,1,2657,5,11,3,3,0,8,3,5,2,0
215,41,0,3,6,3,0,3,3,6,4,1,13591,3,18,3,3,0,16,3,1,0,0
216,30,1,3,26,4,0,2,2,1,1,1,6696,5,15,3,3,0,9,2,6,3,0
217,29,1,2,1,3,1,3,1,2,3,1,2058,0,14,3,4,0,7,2,6,2,1
218,45,0,3,6,3,0,2,3,1,4,1,8865,6,12,3,4,0,23,3,19,7,12
219,54,0,3,3,3,0,3,2,1,1,2,5940,2,14,3,4,1,16,3,6,2,0
220,36,0,2,5,2,1,3,2,3,2,1,5914,8,16,3,4,0,16,4,13,11,3
221,33,0,2,4,4,0,2,1,2,2,2,2622,6,21,4,4,0,7,3,3,2,1
222,37,0,2,11,3,1,3,3,8,4,3,12185,1,14,3,3,3,10,3,10,8,0
223,38,0,3,3,3,1,3,3,1,3,3,10609,0,12,3,3,2,17,2,16,10,5
224,31,0,2,1,4,1,1,2,4,3,2,4345,0,12,3,4,1,6,3,5,4,1
225,59,0,2,3,3,1,2,1,2,4,2,2177,3,17,3,1,1,7,3,1,0,0
226,37,0,3,4,4,1,3,1,7,4,3,2793,4,17,3,3,1,13,3,9,8,5
227,29,0,3,1,1,0,3,3,1,4,2,7918,1,14,3,4,1,11,3,11,10,4
228,35,0,3,1,3,0,3,3,1,3,1,8789,1,14,3,1,0,10,4,10,7,0
229,29,1,2,18,1,1,2,1,2,4,1,2389,1,13,3,3,0,4,2,4,3,0
230,52,0,2,2,3,0,2,1,3,4,1,3212,7,15,3,2,0,6,2,2,2,2
231,42,0,2,4,2,1,3,5,6,4,2,19232,1,11,3,4,0,22,3,22,17,11
232,59,0,1,6,2,1,3,1,9,3,2,2267,8,17,3,4,0,7,2,2,2,2
233,50,0,3,1,4,0,3,5,6,4,3,19517,3,11,3,3,1,32,2,7,0,0
234,33,1,2,14,3,1,3,1,3,4,2,2436,5,13,3,3,1,8,1,5,4,0
235,43,0,3,16,3,0,3,4,6,4,2,16064,5,22,4,3,1,22,3,17,13,1
236,33,1,2,2,2,0,3,1,3,1,2,2707,7,20,4,1,0,13,4,9,7,1
237,52,0,3,2,4,1,2,5,6,3,1,19068,1,18,3,4,0,33,4,33,7,15
238,32,0,3,4,2,0,3,1,7,2,2,3931,2,11,3,1,1,6,3,4,3,1
239,32,1,2,1,3,1,2,1,3,3,1,3730,0,14,3,4,0,4,1,3,2,1
240,39,0,2,1,4,0,3,1,3,3,3,2232,7,14,3,3,3,7,3,3,2,1
241,32,0,3,26,4,1,3,2,1,4,2,4465,0,18,3,1,0,4,3,3,2,2
242,41,0,2,19,2,1,3,2,2,1,3,3072,2,16,3,1,2,17,2,1,0,0
243,40,0,2,24,2,1,3,2,2,4,3,3319,1,17,3,1,2,9,3,9,8,4
244,45,0,2,1,3,1,4,5,6,4,2,19202,0,11,3,3,1,25,3,24,0,1
245,31,0,2,3,4,1,3,3,8,3,3,13675,9,12,3,1,1,9,3,2,2,2
246,33,0,2,5,4,0,2,1,2,4,2,2911,1,13,3,3,1,2,2,2,2,0
247,34,0,2,2,4,1,2,2,4,1,2,5957,6,13,3,2,1,13,3,11,9,5
248,37,0,2,1,2,0,2,1,2,1,2,3920,2,14,3,1,1,17,2,3,1,0
249,45,0,2,7,4,1,4,2,4,3,2,6434,4,17,3,4,1,9,3,3,2,0
250,37,1,2,10,3,1,3,3,4,3,3,10048,6,11,3,2,2,17,3,1,0,0
251,39,0,2,2,4,0,3,3,5,3,1,10938,0,25,4,4,0,20,3,19,6,11
252,29,0,2,15,3,1,3,1,2,4,1,2340,1,19,3,1,0,6,3,6,5,1
253,42,0,2,17,2,0,4,2,2,1,1,6545,3,13,3,3,0,10,3,3,2,0
254,29,0,3,20,2,1,3,2,1,4,3,6931,2,14,3,4,1,10,3,3,2,0
255,25,0,2,1,3,0,3,2,4,3,2,4898,0,12,3,4,2,5,3,4,2,1
256,42,0,2,2,3,0,2,1,3,1,3,2593,0,11,3,3,1,10,3,9,6,7
257,40,0,2,2,2,1,3,5,8,3,3,19436,0,19,3,4,1,22,3,21,7,3
258,51,0,2,1,3,1,3,1,2,4,2,2723,1,11,3,2,0,1,2,1,0,0
259,31,1,2,29,2,1,2,1,3,2,1,3479,0,11,3,2,0,6,4,5,4,1
260,32,0,2,7,3,1,4,1,3,2,2,2794,1,20,4,3,0,5,1,5,1,0
261,38,0,3,2,2,1,2,2,1,4,2,5249,3,18,3,4,1,13,3,8,7,7
262,32,0,2,2,1,1,2,2,3,1,1,2176,4,13,3,4,0,9,3,6,2,0
263,46,0,3,2,3,0,1,4,6,2,2,16872,3,12,3,2,1,28,2,7,7,7
264,28,1,2,2,4,1,3,1,3,3,1,3485,2,11,3,3,0,5,1,0,0,0
265,29,0,3,2,3,1,2,2,1,2,2,6644,2,19,3,2,2,10,3,0,0,0
266,31,0,2,23,3,1,2,2,5,4,2,5582,0,21,4,2,1,10,3,9,0,7
267,25,0,2,5,2,1,4,2,5,1,3,4000,1,12,3,4,2,6,3,6,3,1
268,45,0,2,20,2,1,3,4,5,4,2,13496,0,14,3,2,0,21,3,20,7,4
269,36,0,2,6,3,1,3,1,3,4,2,3210,0,11,3,3,1,16,3,15,13,10
270,55,0,2,1,3,1,3,5,6,1,1,19045,0,14,3,3,0,37,3,36,10,4
271,47,1,2,29,4,1,3,3,6,2,2,11849,1,12,3,4,1,10,2,10,7,9
272,28,0,2,9,3,1,3,1,2,4,2,2070,1,23,4,4,1,5,2,5,2,0
273,37,0,3,6,4,1,3,2,1,4,2,6502,4,14,3,2,1,7,4,5,4,0
274,21,0,2,3,2,1,2,1,2,3,1,3230,1,17,3,1,0,3,4,3,2,1
275,37,0,2,1,4,0,3,3,8,4,3,13603,2,18,3,1,2,15,3,5,2,0
276,35,0,2,22,3,0,4,3,6,2,3,11996,7,18,3,2,1,10,2,7,7,6
277,38,0,3,7,2,0,4,2,1,1,3,5605,1,24,4,3,1,8,3,8,0,7
278,26,0,2,1,3,0,3,2,4,2,3,6397,1,20,4,1,1,6,1,6,5,1
279,50,0,2,4,1,1,3,5,8,2,3,19144,3,14,3,1,2,28,2,10,4,1
280,53,0,2,3,4,1,3,4,8,3,2,17584,3,16,3,4,3,21,2,5,3,1
281,42,0,3,1,1,1,3,2,1,3,2,4907,1,25,4,3,0,20,3,20,16,11
282,29,0,3,2,2,1,3,2,1,4,1,4554,1,18,3,1,0,10,2,10,7,0
283,55,0,2,20,2,1,3,2,3,4,2,5415,3,19,3,4,1,12,3,10,7,0
284,26,0,2,11,2,1,3,2,5,1,2,4741,1,13,3,3,1,5,3,5,3,3
285,37,0,2,1,3,0,3,1,2,4,1,2115,1,12,3,2,0,17,3,17,12,5
286,44,1,2,24,3,1,3,1,3,3,3,3161,3,22,4,4,1,19,1,1,0,0
287,38,0,2,23,4,1,3,2,5,4,3,5745,9,14,3,2,1,10,3,2,2,1
288,26,1,2,16,4,1,3,1,3,2,3,2373,2,13,3,4,1,5,3,3,2,0
289,28,0,2,8,2,0,3,1,2,4,1,3310,1,21,4,4,0,5,3,5,3,0
290,49,0,2,10,4,0,3,5,8,1,1,18665,9,11,3,4,0,22,3,3,2,1
291,36,0,2,3,3,1,3,2,2,2,1,4485,4,12,3,4,0,10,3,8,0,7
292,31,0,3,5,3,0,3,1,7,2,3,2789,1,11,3,3,1,2,2,2,2,2
293,26,1,3,4,4,1,2,2,1,4,1,5828,1,12,3,2,0,8,3,8,7,7
294,37,0,2,9,3,1,3,1,2,4,2,2326,1,12,3,3,3,4,2,4,2,1
295,42,0,3,26,3,0,3,4,1,2,2,13525,5,14,3,4,1,23,4,20,4,4
296,18,1,2,3,3,1,3,1,3,3,1,1420,1,13,3,3,0,0,3,0,0,0
297,35,0,3,16,3,1,3,3,1,2,2,8020,0,15,3,3,2,12,2,11,9,6
298,36,0,2,18,4,1,4,1,3,4,2,3688,4,18,3,4,2,4,3,1,0,0
299,51,0,2,2,3,1,1,2,4,2,3,5482,5,18,3,4,1,13,3,4,1,1
300,41,0,3,2,4,1,3,4,6,2,1,16015,1,19,3,2,0,22,3,22,10,0
301,18,0,3,10,3,0,2,1,7,3,1,1200,1,12,3,1,0,0,3,0,0,0
302,28,0,2,16,2,1,4,2,5,1,1,5661,0,19,3,3,0,9,3,8,3,0
303,31,0,3,7,3,1,4,2,1,4,2,6929,4,11,3,2,1,10,2,8,7,7
304,39,0,2,1,3,1,4,3,5,4,3,9613,0,17,3,1,3,19,2,18,10,3
305,36,0,2,24,4,0,3,2,3,2,2,5674,7,15,3,3,1,11,3,9,8,0
306,32,0,3,7,3,1,2,2,1,3,2,5484,1,14,3,3,1,13,2,13,8,4
307,38,0,2,25,2,0,2,3,8,2,2,12061,3,17,3,3,1,19,3,10,8,0
308,58,0,2,1,4,1,1,2,5,3,3,5660,2,13,3,4,1,12,3,5,3,1
309,31,0,2,5,4,1,3,1,2,4,2,4821,0,12,3,3,1,6,3,5,2,0
310,31,0,1,2,3,1,2,2,9,1,2,6410,3,12,3,4,0,9,3,2,2,1
311,45,0,2,7,3,1,3,3,3,1,3,5210,1,18,3,1,1,24,3,24,9,9
312,31,0,2,2,4,1,3,1,2,4,3,2695,0,18,3,2,1,3,1,2,2,2
313,33,0,2,5,4,0,3,3,6,2,2,11878,6,11,3,2,2,12,3,10,6,8
314,39,0,2,10,1,1,3,4,6,1,2,17068,1,14,3,4,0,21,3,21,9,11
315,43,0,2,10,4,0,3,1,3,4,1,2455,0,19,3,1,0,9,3,8,7,1
316,49,0,2,1,2,0,2,4,5,3,1,13964,7,12,3,4,0,25,3,7,1,0
317,52,1,2,8,4,1,2,2,2,2,2,4941,2,15,3,1,0,11,2,8,2,7
318,27,0,2,5,3,0,3,1,2,2,1,2478,1,12,3,2,0,4,2,4,3,1
319,32,0,3,8,2,0,2,2,1,2,2,5228,1,11,3,4,0,13,3,13,12,11
320,27,0,3,2,3,1,3,2,1,3,1,4478,1,11,3,1,0,5,3,5,4,0
321,31,0,3,7,3,1,3,2,1,4,3,7547,4,12,3,4,3,13,3,7,7,1
322,32,0,2,2,4,0,4,2,2,4,1,5055,7,16,3,3,0,10,2,7,7,0
323,28,1,2,2,4,1,1,1,2,4,2,3464,5,13,3,4,0,5,2,3,2,2
324,30,0,2,28,2,0,3,2,2,4,2,5775,1,13,3,4,2,11,3,10,8,1
325,31,0,2,7,2,0,2,3,4,3,2,8943,1,24,4,1,1,10,3,10,9,8
326,39,0,2,7,2,1,2,5,6,4,2,19272,1,15,3,1,1,21,3,21,9,13
327,39,1,3,3,2,0,3,2,1,3,2,5238,4,18,3,1,0,12,2,1,0,0
328,33,0,3,10,3,1,2,2,1,4,1,4682,3,14,3,3,0,9,2,7,7,0
329,47,0,2,5,5,1,3,5,8,3,2,18300,4,11,3,2,1,21,3,3,2,1
330,43,0,2,10,4,0,2,2,3,3,3,5257,1,11,3,2,1,9,4,9,7,0
331,27,0,3,1,1,1,3,2,1,2,2,6349,0,13,3,4,1,6,3,5,4,1
332,54,0,2,20,4,0,3,2,2,3,1,4869,3,12,3,4,0,20,2,4,3,0
333,43,0,2,7,3,0,3,3,5,1,2,9985,8,16,3,1,1,10,2,1,0,0
334,45,0,2,8,4,1,3,2,2,4,2,3697,9,14,3,1,2,12,3,10,9,9
335,40,0,3,1,2,1,1,2,1,4,2,7457,2,22,4,3,3,6,2,4,3,0
336,29,1,2,8,4,1,1,1,3,1,2,2119,1,11,3,4,0,7,2,7,7,0
337,29,0,2,9,5,1,2,1,3,4,1,3983,0,17,3,3,0,4,3,3,2,2
338,30,0,3,5,3,0,2,2,1,3,3,6118,1,13,3,3,3,10,3,10,9,1
339,27,0,3,8,4,0,3,2,1,2,2,6214,1,18,3,1,1,8,3,8,7,0
340,37,0,2,5,2,1,3,2,4,4,3,6347,7,16,3,3,2,8,2,6,2,0
341,38,0,2,15,2,1,2,3,8,4,3,11510,0,14,3,2,1,12,3,11,10,2
342,31,0,2,7,4,0,3,3,4,4,1,7143,1,14,3,3,0,11,2,11,9,4
343,29,0,3,10,1,0,2,2,1,2,3,8268,1,14,3,1,2,7,3,7,7,1
344,35,0,2,5,4,1,3,3,4,2,1,8095,0,13,3,4,0,17,3,16,6,0
345,23,0,2,26,1,1,3,1,2,4,3,2904,1,12,3,3,2,4,2,4,2,0
346,41,0,2,6,3,1,2,2,4,2,1,6032,6,15,3,4,0,8,3,5,4,1
347,47,0,3,4,1,1,3,2,7,3,1,2976,3,19,3,1,0,5,3,0,0,0
348,42,0,2,23,5,0,3,4,8,4,1,15992,2,14,3,2,0,16,3,1,0,0
349,29,0,3,2,3,1,3,2,1,3,2,4649,1,14,3,1,1,4,2,4,3,0
350,42,0,1,2,1,1,3,1,9,3,3,2696,0,11,3,3,1,4,3,3,2,1
351,32,0,2,2,3,0,3,1,3,2,2,2370,1,13,3,3,1,8,3,8,0,0
352,48,0,3,29,1,0,3,3,6,3,2,12504,3,21,4,2,1,15,1,0,0,0
353,37,0,2,6,3,1,4,2,2,1,3,5974,4,13,3,1,2,13,3,7,7,6
354,30,0,3,25,2,0,3,2,1,3,2,4736,7,12,3,2,1,4,4,2,2,2
355,26,0,3,1,3,1,3,2,1,3,2,5296,1,17,3,2,1,8,3,8,7,7
356,42,0,2,2,4,1,2,2,5,4,1,6781,3,23,4,2,0,14,3,1,0,0
357,21,1,3,1,1,0,2,1,7,2,1,2174,1,11,3,3,0,3,3,3,2,1
358,36,0,3,1,5,0,3,2,1,4,1,6653,4,15,3,2,0,7,3,1,0,0
359,36,0,3,3,4,1,2,3,1,4,2,9699,4,11,3,1,1,16,3,13,9,1
360,57,0,2,1,4,1,3,2,5,3,2,6755,2,11,3,3,0,15,3,3,2,1
361,40,0,2,10,4,0,4,1,3,3,2,2213,3,13,3,3,1,10,3,7,7,1
362,21,0,3,9,2,1,3,1,7,4,1,2610,1,24,4,3,0,3,2,3,2,2
363,33,1,3,5,3,0,3,1,7,3,1,2851,1,13,3,2,0,1,3,1,0,0
364,37,0,2,10,3,0,3,1,3,1,2,3452,6,20,4,2,1,17,3,5,4,0
365,46,0,2,7,4,0,3,2,4,3,2,5258,2,14,3,3,0,7,4,1,0,0
366,41,1,3,4,3,1,3,2,1,2,1,9355,1,18,3,3,0,8,3,8,7,7
367,50,0,2,10,3,1,2,3,5,4,1,10496,6,15,3,4,0,20,3,4,3,1
368,40,1,3,22,2,1,2,2,1,3,2,6380,2,12,3,1,2,8,3,6,4,1
369,31,0,2,9,4,1,2,1,2,2,1,2657,0,16,3,4,0,3,3,2,2,2
370,21,1,3,12,3,0,4,1,7,2,1,2716,1,15,3,4,0,1,3,1,0,0
371,29,0,2,23,3,1,3,1,2,4,1,2201,9,16,3,4,0,6,3,3,2,1
372,35,0,2,9,4,1,2,2,5,2,1,6540,9,19,3,3,0,10,3,1,1,0
373,27,0,2,1,2,1,3,1,3,2,3,3816,1,11,3,2,1,5,3,5,2,0
374,28,0,3,9,4,1,3,2,1,4,1,5253,1,16,3,4,0,7,3,7,5,0
375,49,0,2,7,3,1,2,3,5,3,1,10965,8,24,4,3,0,26,3,5,2,0
376,51,0,3,14,2,0,3,2,1,4,2,4936,4,11,3,3,1,18,2,7,7,0
377,36,0,2,2,3,0,3,1,2,3,2,2543,4,13,3,2,1,6,3,2,2,2
378,34,1,3,19,3,1,4,2,1,4,1,5304,8,13,3,2,0,9,2,5,2,0
379,55,0,2,2,3,0,3,4,6,4,1,16659,2,13,3,3,0,30,3,5,4,1
380,24,0,3,10,4,0,3,2,1,3,3,4260,1,12,3,4,1,5,4,5,2,0
381,30,0,3,2,1,1,3,1,7,2,2,2476,1,18,3,1,1,1,3,1,0,0
382,26,1,2,3,1,1,3,1,2,1,1,3102,0,22,4,3,0,7,3,6,4,0
383,22,0,2,11,3,0,3,1,2,2,2,2244,1,13,3,4,1,2,3,2,1,1
384,36,0,3,2,2,1,2,3,1,3,2,7596,1,13,3,2,2,10,3,10,9,9
385,30,1,2,4,3,1,3,1,2,4,1,2285,9,23,4,3,0,3,3,1,0,0
386,37,0,2,14,3,0,3,1,3,1,3,3034,1,12,3,3,1,18,2,18,7,12
387,40,0,3,2,2,0,3,2,1,2,3,5715,7,12,3,3,2,8,3,5,4,1
388,42,0,2,1,4,0,3,1,3,1,3,2576,3,16,3,2,1,8,3,5,2,1
389,37,0,2,10,4,1,3,2,4,2,1,4197,2,12,3,4,0,18,2,1,0,0
390,43,0,2,12,3,1,2,4,8,2,3,14336,1,11,3,3,1,25,3,25,10,3
391,40,0,2,2,3,0,2,2,3,3,2,3448,6,22,4,2,1,20,3,1,0,0
392,54,0,2,5,2,1,3,5,8,1,2,19406,4,11,3,3,1,24,2,4,2,1
393,34,0,3,4,4,0,3,2,1,3,2,6538,9,15,3,1,1,6,3,3,2,1
394,31,0,2,7,2,0,3,2,4,1,2,4306,1,12,3,2,1,13,1,13,10,3
395,43,0,2,21,3,1,3,1,3,4,2,2258,7,20,4,1,1,8,3,3,2,1
396,43,0,2,8,4,0,3,2,5,3,3,4522,4,14,3,4,0,8,3,5,2,0
397,25,0,3,4,2,0,2,2,1,4,1,4487,1,11,3,2,0,5,3,5,4,1
398,37,0,2,25,5,0,3,2,2,3,2,4449,3,15,3,1,2,15,3,13,11,10
399,31,0,2,1,2,1,2,1,3,1,2,2218,1,12,3,3,1,4,3,4,2,3
400,39,0,2,1,1,1,3,5,6,3,3,19197,1,14,3,3,1,21,3,21,8,1
401,56,0,3,6,3,0,4,4,1,1,2,13212,9,11,3,4,3,36,2,7,7,7
402,30,0,3,12,3,0,3,2,1,3,1,6577,0,11,3,2,0,6,3,5,4,4
403,41,0,3,1,3,1,4,3,1,1,2,8392,1,16,3,3,1,10,3,10,7,0
404,28,0,2,17,2,1,3,2,3,1,3,4558,1,12,3,4,1,10,3,10,0,1
405,25,1,2,3,3,1,3,1,3,1,2,4031,5,13,3,3,1,6,3,2,2,0
406,52,0,2,3,3,1,2,3,4,3,2,7969,2,14,3,3,0,28,3,5,4,0
407,45,0,2,10,2,1,3,1,2,4,2,2654,3,21,4,4,2,8,2,2,2,0
408,52,0,2,4,2,0,3,4,6,4,2,16555,2,13,3,4,0,31,1,5,2,1
409,42,0,2,29,2,0,3,2,2,3,3,4556,2,11,3,2,1,19,3,5,4,0
410,30,0,2,2,3,0,1,2,4,4,1,6091,2,20,4,3,0,11,3,5,4,0
411,60,0,2,7,3,0,3,5,6,1,2,19566,5,11,3,4,0,33,1,29,8,11
412,46,0,2,18,3,0,3,2,4,3,3,4810,2,14,3,3,1,19,2,10,7,0
413,42,0,2,28,4,0,2,2,5,4,2,4523,0,11,3,4,3,7,4,6,5,0
414,24,1,3,1,1,0,3,1,7,2,1,3202,1,16,3,2,0,6,3,5,3,1
415,34,1,3,6,2,0,1,1,7,3,3,2351,0,16,3,4,1,3,2,2,2,1
416,38,0,2,2,2,1,3,1,3,4,2,1702,1,23,4,3,1,1,3,1,0,0
417,40,0,3,2,4,0,3,5,6,3,2,18041,0,14,3,4,0,21,3,20,15,1
418,26,0,2,23,3,0,3,1,2,4,3,2886,1,22,4,2,2,3,1,3,2,0
419,30,0,2,3,3,1,3,1,3,4,2,2097,4,15,3,3,1,9,1,5,3,1
420,29,0,2,3,4,1,2,3,8,3,2,11935,1,18,3,3,0,10,3,10,2,0
421,29,1,2,25,5,0,2,1,2,2,2,2546,5,16,3,2,0,6,4,2,2,1
422,19,1,1,2,2,1,2,1,9,4,1,2564,1,12,3,3,0,1,4,1,0,0
423,30,0,3,22,4,0,3,3,1,1,2,8412,0,11,3,3,0,10,3,9,8,7
424,57,0,3,29,3,1,2,4,6,4,3,14118,3,12,3,3,1,32,2,1,0,0
425,50,0,2,29,4,1,2,4,6,3,2,17046,0,15,3,2,1,28,3,27,10,15
426,30,0,2,2,3,0,3,1,3,4,1,2564,0,14,3,3,0,12,2,11,7,6
427,60,0,3,28,3,0,2,3,1,1,2,10266,4,19,3,4,0,22,4,18,13,13
428,47,0,2,2,2,0,3,2,4,4,3,5070,5,13,3,3,3,20,3,5,0,0
429,46,0,2,2,3,1,3,4,8,3,2,17861,6,13,3,3,0,26,1,3,2,0
430,35,0,2,22,3,1,1,1,3,3,1,4230,0,15,3,3,0,6,3,5,4,4
431,54,0,2,8,4,0,3,2,3,3,1,3780,7,11,3,3,0,19,3,1,0,0
432,34,0,2,2,4,1,2,1,2,3,3,2768,3,12,3,3,1,14,3,7,3,5
433,46,0,3,10,3,0,2,3,1,4,2,9071,2,19,3,3,1,15,3,3,2,1
434,31,0,2,9,1,1,3,3,4,2,3,10648,1,25,4,4,1,13,4,13,8,0
435,33,1,2,15,1,1,3,3,6,3,2,13610,7,12,3,4,0,15,4,7,6,7
436,33,1,2,10,1,1,1,1,3,4,3,3408,7,13,3,1,3,8,3,4,3,1
437,30,0,3,7,1,1,3,1,7,2,1,2983,0,14,3,1,0,4,3,3,2,1
438,35,0,2,16,3,1,3,3,5,3,2,7632,4,12,3,3,0,10,3,8,7,0
439,31,1,2,20,3,1,3,3,5,3,2,9824,3,12,3,1,0,12,3,1,0,0
440,34,1,1,23,3,0,3,3,9,1,3,9950,9,15,3,3,3,11,3,3,2,0
441,42,0,2,5,2,1,3,1,3,3,2,2093,4,17,3,4,1,8,3,2,2,2
442,36,0,3,10,4,1,3,3,1,4,1,9980,1,14,3,4,0,10,2,10,3,9
443,22,1,2,4,1,1,2,1,3,3,1,3894,5,16,3,3,0,4,3,2,2,1
444,48,0,3,2,5,0,3,2,1,4,2,4051,2,14,3,1,1,14,3,9,7,6
445,55,0,3,18,5,0,3,4,6,2,1,16835,3,23,4,4,0,37,3,10,9,7
446,41,0,3,10,2,1,3,2,1,4,1,6230,7,14,3,4,0,16,3,14,3,1
447,35,0,3,1,3,1,3,2,1,3,2,4717,9,11,3,3,0,15,3,11,9,6
448,40,0,2,6,3,0,3,4,4,3,1,13237,7,15,3,3,0,22,3,20,6,5
449,39,0,2,8,1,0,3,1,3,3,2,3755,1,11,3,1,1,8,3,8,3,0
450,31,0,3,2,1,1,3,2,1,4,1,6582,4,13,3,3,0,10,4,6,5,0
451,42,0,2,24,3,1,3,3,4,1,2,7406,1,21,4,4,1,10,2,10,9,5
452,45,0,3,2,3,1,3,2,1,2,2,4805,0,19,3,2,1,9,4,8,7,3
453,26,1,1,17,4,0,3,1,9,3,3,2741,0,11,3,2,1,8,2,7,7,1
454,29,0,2,19,3,1,3,2,4,4,3,4262,4,12,3,2,2,8,4,3,2,1
455,33,0,2,1,5,0,4,4,8,3,3,16184,4,19,3,3,1,10,3,6,1,0
456,31,0,3,7,3,1,2,3,6,4,3,11557,9,21,4,3,1,10,2,5,4,0
457,18,1,3,5,3,1,3,1,7,2,1,1878,1,14,3,4,0,0,3,0,0,0
458,40,0,3,28,3,1,1,3,1,1,3,10932,3,15,3,3,1,20,3,1,0,0
459,41,0,2,2,4,0,2,2,5,3,1,6811,2,17,3,1,0,10,3,8,7,0
460,26,0,3,29,2,1,3,2,1,3,3,4306,5,12,3,1,2,8,3,0,0,0
461,35,0,3,1,3,0,3,2,1,3,1,4859,1,16,3,4,0,5,3,5,4,0
462,34,0,3,21,4,1,4,2,1,4,1,5337,1,12,3,4,0,10,3,10,7,5
463,26,1,2,24,3,1,1,1,3,4,1,2340,1,18,3,2,0,1,1,1,0,0
464,37,0,2,1,3,0,3,3,4,4,1,7491,4,17,3,4,0,12,4,6,5,1
465,46,0,2,18,1,0,3,3,5,3,2,10527,5,11,3,4,0,28,2,2,2,1
466,41,0,3,2,5,0,3,4,6,1,2,16595,7,16,3,2,1,22,3,18,16,11
467,37,0,3,9,4,1,3,3,1,2,3,8834,1,13,3,4,1,9,3,9,5,7
468,52,0,2,6,2,1,3,2,2,1,3,5577,3,12,3,2,2,18,3,10,9,6
469,32,1,3,11,4,1,4,2,1,3,2,4707,8,12,3,4,0,6,3,4,2,1
470,24,0,3,24,3,1,3,1,7,4,2,2400,0,13,3,3,2,3,3,2,2,2
471,38,0,2,10,3,0,3,2,5,3,2,9824,3,19,3,3,1,18,3,1,0,0
472,37,0,2,1,4,0,3,2,4,2,2,6447,6,12,3,2,1,8,2,6,5,4
473,49,0,2,18,4,1,2,5,8,3,3,19502,1,17,3,3,1,31,3,31,9,0
474,24,0,2,23,3,1,4,1,2,4,2,2725,1,11,3,2,2,6,3,6,5,1
475,26,0,3,28,2,1,3,2,1,2,2,6272,1,20,4,4,2,6,4,5,3,1
476,24,0,2,17,2,1,2,1,3,2,2,2127,1,21,4,4,1,1,3,1,0,0
477,50,0,1,3,3,1,3,5,6,2,2,18200,1,11,3,3,1,32,3,32,5,10
478,25,0,3,13,1,1,3,1,7,3,2,2096,1,11,3,3,0,7,3,7,4,0
479,24,1,2,7,3,0,3,1,3,3,2,2886,1,16,3,4,1,6,3,6,3,1
480,30,1,3,12,4,1,2,1,7,1,2,2033,1,18,3,3,1,1,4,1,0,0
481,34,0,2,1,2,1,2,1,2,4,2,3622,1,13,3,4,1,6,3,6,5,1
482,31,1,3,13,4,1,3,2,1,1,3,4233,2,17,3,3,0,9,1,3,1,1
483,35,0,2,25,2,1,2,2,3,4,1,3681,4,14,3,4,0,9,3,3,2,0
484,31,0,3,6,4,1,4,2,1,4,3,5460,4,22,4,4,2,13,4,7,7,5
485,27,0,2,6,4,0,2,1,2,3,3,2187,0,12,3,3,2,6,2,5,3,0
486,37,0,3,2,3,1,3,2,1,3,2,9602,4,11,3,3,1,17,2,3,0,1
487,20,0,2,1,3,0,2,1,2,2,1,2836,1,13,3,4,0,1,4,1,0,0
488,42,0,2,2,4,0,3,2,5,4,2,4089,1,13,3,2,2,10,3,10,2,2
489,43,0,2,6,4,1,2,4,8,4,3,16627,4,14,3,3,1,21,2,1,0,0
490,38,0,2,1,1,0,3,1,2,1,1,2619,3,17,3,4,0,8,2,0,0,0
491,43,0,2,9,5,1,3,2,3,3,3,5679,3,13,3,2,1,10,3,8,7,4
492,48,0,2,1,4,0,2,4,6,1,2,15402,7,11,3,1,1,21,1,3,2,0
493,44,0,1,1,4,0,2,2,9,3,1,5985,4,11,3,2,0,10,4,2,2,0
494,34,0,3,14,3,0,3,1,7,3,3,2579,1,18,3,4,2,8,3,8,2,0
495,27,1,3,2,1,1,3,1,7,1,3,3041,0,11,3,2,1,5,3,4,3,0
496,21,0,3,22,1,1,3,1,7,3,1,3447,1,11,3,3,0,3,3,3,2,1
497,44,0,2,3,4,1,3,5,6,4,2,19513,4,12,3,1,1,26,4,2,2,0
498,22,0,2,6,1,1,3,1,2,3,2,2773,0,20,4,4,0,3,3,2,2,2
499,33,0,3,8,4,1,3,2,1,3,3,7104,0,12,3,4,0,6,3,5,0,1
500,32,0,2,9,4,0,3,2,2,4,2,6322,1,12,3,4,1,6,2,6,4,0
501,30,0,2,3,3,0,3,1,2,3,3,2083,1,20,4,3,1,1,3,1,0,0
502,53,0,3,1,1,0,3,2,1,1,1,8381,7,20,4,4,0,18,4,14,7,8
503,34,0,2,1,5,1,3,1,2,4,2,2691,1,12,3,4,1,10,2,10,9,8
504,45,1,3,26,4,0,3,2,1,1,2,4286,2,14,3,4,2,5,3,1,1,0
505,26,0,2,6,3,0,3,1,3,4,2,2659,1,13,3,3,1,3,3,3,2,0
506,37,0,2,3,3,1,3,3,4,3,2,9434,1,15,3,3,1,10,3,10,7,7
507,29,0,3,3,2,0,3,2,1,3,2,5561,1,14,3,1,1,6,2,6,0,1
508,35,0,2,6,4,1,1,2,2,4,1,6646,1,13,3,2,0,17,3,17,11,11
509,33,0,2,6,3,1,3,2,5,4,3,7725,3,23,4,3,1,15,1,13,11,4
510,54,0,1,19,4,1,3,3,9,2,2,10725,2,15,3,3,1,16,4,9,7,7
511,36,0,2,9,2,1,2,2,4,2,3,8847,2,11,3,3,1,13,3,3,2,0
512,27,0,2,3,4,1,2,1,2,4,1,2045,0,13,3,4,0,5,3,4,2,1
513,20,1,2,10,1,1,3,1,2,3,1,1009,1,11,3,4,0,1,3,1,0,1
514,33,1,2,3,3,1,3,1,2,1,1,3348,1,11,3,1,0,10,3,10,8,9
515,35,0,2,3,3,1,2,1,3,3,2,1281,1,18,3,3,2,1,3,1,0,0
516,23,0,2,4,3,1,4,1,2,1,2,2819,2,16,3,1,1,5,4,3,2,0
517,25,0,3,8,3,1,4,2,1,2,2,4851,0,22,4,3,1,4,3,3,2,1
518,38,0,3,7,4,0,2,2,1,4,1,4028,0,20,4,1,0,8,3,7,7,0
519,29,0,2,1,4,1,1,1,2,4,3,2720,1,18,3,4,1,10,3,10,7,2
520,48,0,3,2,1,1,4,2,1,2,2,8120,3,12,3,4,0,12,3,2,2,2
521,27,0,3,3,1,0,4,2,1,4,3,4647,1,20,4,2,2,6,3,6,5,0
522,37,0,2,10,2,1,4,1,2,4,1,4680,3,17,3,1,0,4,3,1,0,0
523,50,0,2,28,1,1,4,1,3,3,2,3221,1,11,3,3,3,20,3,20,8,3
524,34,0,2,9,3,0,2,3,5,2,1,8621,1,14,3,2,0,9,4,8,7,7
525,24,1,3,3,2,0,3,2,1,3,1,4577,9,14,3,1,0,4,3,2,2,2
526,39,0,2,2,4,0,2,2,5,3,1,4553,1,11,3,1,0,20,3,20,7,11
527,32,0,3,10,3,1,3,2,1,4,1,5396,1,12,3,4,0,10,2,10,7,0
528,50,1,3,8,2,1,3,2,1,3,2,6796,3,14,3,1,1,18,3,4,3,1
529,38,0,2,1,4,0,4,2,5,4,1,7625,0,13,3,3,0,10,2,9,7,1
530,27,0,2,1,2,0,3,3,4,1,2,7412,1,11,3,4,0,9,3,9,7,0
531,32,0,2,3,2,0,3,3,8,4,1,11159,3,15,3,4,0,10,3,7,7,7
532,47,0,3,14,4,1,3,2,1,1,1,4960,2,12,3,4,0,20,3,7,7,1
533,40,0,3,5,4,1,2,3,1,1,2,10475,5,21,4,3,1,20,3,18,13,1
534,53,0,2,7,3,1,4,4,8,3,2,14814,3,19,3,3,0,32,3,5,1,1
535,41,0,1,10,4,1,2,5,6,4,3,19141,3,15,3,2,3,23,2,21,6,12
536,60,0,3,16,4,1,3,2,1,1,1,5405,8,14,3,4,0,10,3,2,2,2
537,27,0,2,10,2,1,3,3,4,1,3,8793,1,21,4,3,2,9,2,9,7,1
538,41,0,1,1,3,1,2,5,6,3,2,19189,1,12,3,2,1,22,3,22,7,2
539,50,0,3,8,4,1,3,1,7,2,2,3875,7,15,3,4,1,4,3,2,2,2
540,28,1,2,1,2,0,1,1,2,2,1,2216,7,13,3,4,0,10,3,7,7,3
541,36,0,2,8,3,0,4,3,8,1,2,11713,9,14,3,1,1,10,3,8,7,0
542,38,0,2,1,3,0,3,3,4,3,1,7861,4,14,3,4,0,10,4,1,0,0
543,44,0,2,24,3,1,1,1,3,3,1,3708,2,14,3,3,0,9,3,5,2,1
544,47,0,3,3,3,0,3,4,1,3,3,13770,9,12,3,4,2,28,2,22,2,11
545,30,0,3,27,5,1,3,2,1,4,3,5304,7,23,4,4,1,10,2,8,7,7
546,29,0,3,10,3,1,3,1,7,3,1,2642,1,11,3,3,0,1,3,1,0,0
547,42,1,2,19,3,1,4,1,2,3,3,2759,6,12,3,4,0,7,3,2,2,2
548,43,0,3,15,3,1,2,2,1,4,2,6804,3,18,3,3,1,7,3,2,2,2
549,34,0,2,8,2,0,3,2,5,3,1,6142,3,11,3,4,0,10,3,5,1,4
550,23,0,2,9,1,1,3,1,3,1,2,2500,1,14,3,4,1,5,4,4,3,0
551,39,0,1,3,3,0,4,2,9,2,2,6389,9,15,3,3,1,12,1,8,3,3
552,56,0,2,9,3,1,3,4,5,4,2,11103,7,11,3,3,0,30,2,10,7,1
553,40,0,2,2,1,0,2,1,2,4,1,2342,0,20,4,4,0,5,2,4,2,2
554,27,0,2,7,3,0,2,2,5,1,1,6811,8,19,3,1,0,9,1,7,6,0
555,29,0,3,10,3,1,3,1,7,2,3,2297,1,14,3,4,2,2,3,2,2,2
556,53,0,2,6,3,1,3,2,3,4,1,2450,2,17,3,4,0,19,3,2,2,2
557,35,0,2,2,4,0,3,2,5,1,3,5093,2,11,3,1,1,16,4,1,0,0
558,32,0,2,24,4,1,3,2,3,4,2,5309,1,15,3,4,2,10,3,10,8,4
559,38,0,2,2,5,1,3,1,2,3,2,3057,6,13,3,2,1,6,1,1,0,0
560,34,0,2,8,5,0,3,2,4,1,3,5121,3,14,3,3,1,7,3,0,0,0
561,52,0,3,3,4,1,2,4,6,1,2,16856,1,11,3,1,0,34,4,34,6,1
562,33,1,2,1,4,1,3,1,2,4,1,2686,1,13,3,3,0,10,2,10,9,7
563,25,0,3,26,1,0,3,2,1,4,1,6180,1,23,4,2,0,6,2,6,5,1
564,45,0,3,2,2,1,1,2,7,3,1,6632,0,13,3,1,0,9,3,8,7,3
565,23,0,2,10,1,1,4,1,2,3,1,3505,1,18,3,4,0,2,3,2,2,0
566,47,1,3,27,2,0,4,2,1,3,1,6397,4,12,3,4,0,8,3,5,4,1
567,34,0,3,2,3,1,3,2,1,4,1,6274,1,22,4,3,0,6,3,6,5,1
568,55,1,2,2,3,1,3,5,6,1,2,19859,5,13,3,4,1,24,3,5,2,1
569,36,0,3,8,4,1,2,3,1,1,1,7587,1,15,3,2,0,10,3,10,7,0
570,52,0,2,19,4,1,3,1,2,4,2,4258,0,18,3,1,1,5,3,4,3,1
571,26,0,2,1,2,0,1,1,3,4,3,4364,3,14,3,1,1,5,3,2,2,2
572,29,0,2,27,3,0,3,2,5,3,2,4335,4,12,3,1,1,11,2,8,7,1
573,26,1,3,8,3,1,2,2,1,1,1,5326,6,17,3,3,0,6,2,4,3,1
574,34,0,2,1,4,0,4,1,2,4,1,3280,2,16,3,3,0,10,3,4,2,1
575,54,0,2,19,4,0,3,2,4,1,3,5485,9,11,3,2,2,9,3,5,3,1
576,27,0,3,8,1,1,3,2,1,4,2,4342,0,19,3,2,1,5,3,4,2,1
577,37,0,2,10,1,0,3,1,2,1,3,2782,0,13,3,2,2,6,2,5,3,4
578,38,0,2,2,4,0,4,2,4,1,1,5980,6,12,3,4,0,17,3,15,7,4
579,34,0,2,2,4,0,2,1,2,1,1,4381,1,11,3,3,0,6,3,6,5,1
580,35,0,3,8,4,0,3,1,7,4,2,2572,1,16,3,2,1,3,2,3,2,0
581,30,0,2,1,3,1,1,1,3,3,2,3833,3,21,4,3,2,7,3,2,2,0
582,40,0,2,2,2,0,4,2,5,2,2,4244,1,24,4,4,1,8,3,8,7,3
583,34,0,3,8,2,0,3,2,1,1,2,6500,5,17,3,2,1,6,3,3,2,1
584,42,0,2,8,3,1,3,5,6,4,3,18430,1,13,3,2,1,24,2,24,7,14
585,23,1,2,6,3,1,4,1,3,1,2,1601,1,21,4,3,2,1,3,0,0,0
586,24,0,2,9,3,1,2,1,3,2,3,2694,1,11,3,3,3,1,3,1,0,0
587,52,0,2,11,4,0,3,2,3,3,2,3149,8,20,4,2,1,9,3,5,2,1
588,50,0,2,2,3,1,3,4,8,3,2,17639,5,16,3,4,0,30,3,4,3,0
589,29,1,2,1,2,0,2,1,3,1,2,2319,1,11,3,4,1,1,3,1,0,0
590,33,0,2,7,3,1,3,3,8,3,2,11691,0,11,3,4,0,14,4,13,9,3
591,33,1,3,16,3,0,3,2,1,1,1,5324,5,15,3,3,0,6,3,3,2,0
592,47,0,2,2,2,0,3,4,6,4,2,16752,1,11,3,3,1,26,2,26,14,3
593,36,0,2,1,3,0,3,2,4,2,2,5228,0,15,3,1,1,10,3,9,7,0
594,29,0,2,23,2,1,4,1,2,3,2,2700,1,24,4,3,1,10,3,10,7,0
595,58,1,2,2,4,1,3,5,8,2,1,19246,7,12,3,4,0,40,3,31,15,13
596,35,0,2,1,4,0,4,1,2,3,1,2506,3,13,3,3,0,7,3,2,2,2
597,42,0,2,1,2,0,2,2,4,4,2,6062,9,13,3,4,1,8,3,4,3,0
598,28,1,2,2,4,1,3,1,2,3,1,4382,6,17,3,4,0,5,2,2,2,2
599,36,0,1,13,3,1,3,1,9,2,2,2143,4,13,3,2,1,8,3,5,2,0
600,32,0,2,4,3,0,2,2,4,3,2,6162,1,12,3,3,1,14,3,14,13,6
601,40,0,2,16,4,1,2,2,3,3,1,5094,6,14,3,4,0,10,3,1,0,0
602,30,0,2,2,3,0,2,2,4,4,1,6877,5,24,4,2,0,12,2,0,0,0
603,45,0,2,2,3,0,2,1,2,3,1,2274,1,14,3,4,0,1,3,1,0,0
604,42,0,2,29,3,1,3,2,4,2,2,4434,1,13,3,4,1,10,2,9,8,7
605,38,0,2,12,3,1,2,2,5,1,3,6288,2,15,3,3,1,13,2,4,3,1
606,34,0,2,16,4,0,2,1,2,4,1,2553,1,16,3,3,0,6,3,5,2,1
607,49,1,3,11,3,0,3,3,1,4,2,7654,1,18,3,1,2,9,4,9,8,7
608,55,1,3,2,1,1,3,2,1,4,1,5160,4,16,3,3,0,12,2,9,7,7
609,43,0,2,14,2,1,3,4,8,1,2,17159,6,24,4,3,1,22,3,4,1,1
610,27,0,2,5,1,1,2,3,8,4,3,12808,1,16,3,2,1,9,3,9,8,0
611,35,0,2,7,3,1,3,3,4,3,1,10221,3,21,4,2,0,17,4,8,5,1
612,28,0,3,2,4,0,3,2,1,2,2,4779,1,20,4,1,0,8,3,8,7,7
613,34,0,1,3,2,1,3,1,9,4,2,3737,0,19,3,3,1,4,1,3,2,0
614,26,1,2,5,2,0,2,1,2,3,2,2366,1,14,3,1,1,8,3,8,7,1
615,27,0,2,3,3,1,3,1,2,4,2,1706,1,11,3,3,3,0,2,0,0,0
616,51,0,3,26,4,0,3,4,6,3,2,16307,2,14,3,3,1,29,2,20,6,4
617,44,0,2,4,3,1,3,2,5,2,1,5933,9,12,3,4,0,10,2,5,2,2
618,25,0,2,2,1,1,4,1,2,1,1,3424,7,13,3,3,0,6,2,4,3,0
619,33,0,3,1,3,1,4,2,1,1,3,4037,1,22,4,1,1,9,3,9,8,0
620,35,0,2,27,1,0,2,1,2,1,1,2559,1,11,3,4,0,6,2,6,5,1
621,36,0,3,1,2,1,3,2,1,4,2,6201,1,14,3,4,1,18,2,18,14,4
622,32,0,3,13,4,1,3,2,1,4,3,4403,2,11,3,3,1,8,2,5,2,0
623,30,0,2,5,4,1,2,1,2,4,3,3761,9,12,3,2,1,10,2,5,4,0
624,53,0,3,7,2,0,2,3,1,4,2,10934,7,18,3,4,1,35,3,5,2,0
625,45,0,3,9,3,1,3,3,1,1,3,10761,4,12,3,3,1,18,3,5,4,0
626,32,0,2,8,2,0,4,2,2,3,2,5175,5,12,3,3,1,9,2,5,3,1
627,52,0,2,25,4,0,2,4,4,4,2,13826,3,22,4,3,0,31,3,9,8,0
628,37,0,3,16,4,1,2,2,1,3,3,6334,4,19,3,4,2,9,3,1,0,0
629,28,0,1,8,2,1,2,1,9,4,3,4936,1,13,3,4,1,6,3,5,1,0
630,22,0,2,1,2,1,2,2,4,4,2,4775,6,22,4,1,2,4,1,2,2,2
631,44,0,2,8,4,1,4,1,3,4,2,2818,2,24,4,3,1,10,2,3,2,0
632,42,0,2,2,1,1,3,1,2,4,1,2515,5,14,3,4,0,8,3,2,1,2
633,36,0,1,8,3,1,2,1,9,1,2,2342,0,21,4,3,0,6,3,5,4,0
634,25,0,3,3,1,1,3,2,1,1,2,4194,1,18,3,4,0,5,3,5,3,0
635,35,0,2,9,3,0,2,3,4,3,2,10685,1,20,4,2,1,17,3,17,14,5
636,35,1,2,25,4,0,3,1,2,2,3,2022,1,19,3,1,1,10,2,10,2,7
637,32,0,2,1,3,1,3,1,3,4,3,2314,0,12,3,2,1,4,3,3,0,0
638,25,0,3,4,1,1,2,2,1,1,2,4256,1,12,3,1,0,5,4,5,2,0
639,49,0,2,1,3,0,3,1,2,1,2,3580,2,16,3,2,1,7,3,4,2,0
640,24,0,2,4,1,1,2,1,3,4,2,3162,0,17,3,4,0,6,2,5,2,3
641,32,0,3,5,2,1,3,2,1,2,2,6524,1,14,3,4,1,10,3,10,8,5
642,38,0,3,9,3,1,2,1,7,2,2,2899,0,19,3,4,1,3,3,2,2,1
643,42,0,2,3,3,0,4,2,3,4,2,5231,2,13,3,2,1,17,2,5,3,1
644,31,0,2,11,4,1,3,1,2,4,2,2356,3,19,3,2,1,8,3,6,4,0
645,29,1,3,1,3,0,2,1,7,3,3,2800,6,19,3,3,3,5,3,3,2,0
646,53,0,3,8,3,1,3,4,1,4,2,11836,5,14,3,3,1,28,3,2,0,2
647,35,0,2,25,3,1,2,3,4,2,2,10903,3,16,3,1,0,16,3,13,10,4
648,37,0,3,21,2,0,3,1,7,4,2,2973,5,15,3,2,1,10,3,5,4,0
649,53,0,2,23,4,0,3,4,8,4,1,14275,6,18,3,3,0,33,3,12,9,3
650,43,0,2,1,3,0,3,2,5,4,2,5562,4,13,3,2,1,12,2,5,2,2
651,47,0,3,2,2,0,3,2,1,4,2,4537,0,22,4,1,1,8,3,7,6,7
652,37,0,3,19,2,1,3,3,1,2,1,7642,1,13,3,4,0,10,3,10,0,0
653,50,0,2,2,4,1,3,4,6,1,3,17924,1,11,3,4,1,31,3,31,6,14
654,39,0,1,2,3,0,2,2,9,4,2,5204,8,11,3,3,2,13,3,5,4,0
655,33,0,1,3,2,1,3,1,9,2,3,2277,3,11,3,3,1,7,4,4,3,0
656,32,1,2,25,4,1,3,1,3,4,1,2795,1,24,4,3,0,1,1,1,0,0
657,29,0,2,7,1,0,2,1,3,4,3,2532,6,14,3,3,3,8,3,4,3,0
658,44,0,2,9,2,1,3,1,2,1,2,2559,1,13,3,4,0,8,3,8,7,7
659,28,0,3,5,4,1,3,2,1,4,1,4908,1,14,3,2,0,4,3,4,2,0
660,58,1,2,2,1,1,2,1,3,4,3,2380,9,14,3,4,1,3,2,1,0,0
661,43,0,2,8,3,0,3,2,4,2,3,4765,4,21,4,3,1,4,4,1,0,0
662,20,1,3,2,3,0,2,1,7,3,1,2044,1,13,3,4,0,2,2,2,2,0
663,21,1,2,18,1,0,3,1,2,4,1,2693,1,19,3,1,0,1,2,1,0,0
664,36,0,2,14,1,1,3,2,5,4,2,6586,0,17,3,1,1,17,2,16,8,4
665,47,0,3,2,4,0,2,1,7,4,1,3294,1,18,3,1,0,3,2,3,2,1
666,22,1,2,3,1,0,3,2,4,3,2,4171,0,19,3,1,1,4,4,3,2,0
667,41,1,2,2,4,0,1,1,3,4,3,2778,4,13,3,3,1,10,2,7,7,1
668,28,0,2,9,3,0,3,1,2,3,3,2377,5,18,3,2,1,6,3,2,2,2
669,39,1,2,6,3,1,3,1,3,1,2,2404,7,21,4,4,0,8,1,2,2,2
670,27,0,2,4,3,0,3,1,2,3,1,2318,1,19,3,3,0,1,3,1,1,0
671,34,0,2,10,3,1,3,1,3,2,3,2008,1,14,3,2,2,1,3,1,0,1
672,42,0,3,14,2,0,2,2,1,3,1,6244,7,17,3,1,0,10,3,5,4,0
673,33,0,2,1,4,1,2,1,2,1,1,2799,3,11,3,2,0,6,3,3,2,0
674,58,0,2,5,3,0,2,3,5,2,3,10552,2,13,3,4,1,24,3,6,0,0
675,31,0,3,7,4,1,2,1,7,3,2,2329,3,15,3,2,0,13,4,7,7,5
676,35,0,2,21,1,0,3,2,5,4,2,4014,1,25,4,4,1,10,1,10,6,0
677,49,0,2,8,2,0,3,3,3,2,2,7403,4,11,3,3,1,29,2,26,9,1
678,48,0,2,20,4,1,3,1,2,3,2,2259,4,17,3,1,2,13,2,0,0,0
679,31,0,3,20,2,0,3,2,1,3,2,6932,1,13,3,4,1,9,2,9,8,0
680,36,0,2,7,4,1,3,1,2,4,1,4678,2,18,3,3,0,8,3,6,2,0
681,38,0,2,1,3,0,3,3,8,1,2,13582,1,13,3,2,1,15,3,15,12,5
682,32,0,2,1,3,0,2,1,3,2,2,2332,6,20,4,3,0,5,3,3,0,0
683,25,1,3,19,2,1,2,1,7,2,2,2413,1,18,3,3,3,1,3,1,0,0
684,40,0,3,10,4,1,2,3,1,2,3,9705,2,12,3,2,1,11,2,1,0,0
685,26,0,3,1,3,1,2,2,1,1,1,4294,1,12,3,2,0,7,3,7,7,0
686,41,0,2,6,3,1,3,1,3,1,1,4721,2,13,3,3,0,20,3,18,13,2
687,36,0,2,2,4,1,3,1,3,3,1,2519,4,21,4,3,0,16,3,11,8,3
688,19,1,3,21,3,1,2,1,7,2,1,2121,1,13,3,2,0,1,4,1,0,0
689,20,1,2,4,3,1,3,1,3,1,1,2973,1,19,3,2,0,1,3,1,0,0
690,31,0,2,12,3,0,3,2,5,4,2,5855,0,11,3,3,2,10,1,9,7,8
691,40,0,2,9,4,1,3,1,2,2,3,3617,8,14,3,4,1,3,3,1,1,0
692,32,0,2,3,4,0,3,2,4,1,2,6725,1,12,3,3,1,8,4,8,7,6
693,36,1,3,3,1,1,2,3,1,4,2,10325,1,11,3,1,1,16,3,16,7,3
694,33,0,2,1,3,0,2,2,5,4,1,6949,0,14,3,1,0,6,3,5,0,1
695,37,1,3,1,4,1,2,3,1,3,2,10609,5,11,3,3,0,17,1,14,1,11
696,45,0,2,4,2,1,3,2,3,2,2,4447,1,12,3,2,0,9,2,9,7,0
697,29,0,3,20,3,0,3,1,7,4,2,2157,1,15,3,2,1,3,3,3,1,0
698,35,0,3,18,3,0,3,2,1,3,2,4601,1,16,3,2,0,5,3,5,2,1
699,52,0,2,1,2,1,3,4,6,4,2,17099,2,15,3,2,1,26,2,9,8,7
700,58,1,2,2,3,1,3,1,2,3,1,2479,4,24,4,1,0,7,3,1,0,0
701,53,0,3,2,2,1,3,4,6,3,3,14852,6,13,3,3,1,22,4,17,13,15
702,30,0,3,8,2,1,3,3,1,3,3,7264,5,11,3,1,1,10,4,8,4,7
703,38,0,3,10,3,0,3,2,1,4,1,5666,1,13,3,2,0,6,3,5,3,1
704,35,0,3,3,4,1,3,3,1,4,3,7823,6,13,3,2,1,12,3,10,9,0
705,39,0,3,2,5,1,4,3,1,3,1,7880,0,18,3,4,0,9,3,8,7,0
706,40,1,3,24,3,0,4,4,1,2,1,13194,4,16,3,4,0,22,2,1,0,0
707,47,0,2,16,4,1,4,2,4,3,3,5067,1,19,3,3,0,20,4,19,10,2
708,36,0,3,8,4,1,3,2,1,4,3,5079,4,13,3,4,2,12,3,7,7,0
709,31,1,2,9,2,1,2,1,2,1,1,2321,0,22,4,1,0,4,3,3,2,1
710,33,0,3,17,3,1,3,4,6,3,1,17444,1,11,3,4,0,10,3,10,8,6
711,29,1,2,10,3,0,2,1,2,1,1,2404,6,20,4,3,0,3,3,0,0,0
712,33,0,2,13,1,0,3,1,2,4,1,3452,3,18,3,1,0,5,3,3,2,0
713,45,0,2,1,4,0,3,1,3,4,3,2270,3,14,3,4,2,8,3,5,3,0
714,50,0,2,1,2,1,3,4,8,4,3,17399,9,22,4,3,1,32,2,5,4,1
715,33,0,2,1,4,0,4,2,5,2,2,5488,1,13,3,1,1,6,3,6,5,1
716,41,0,2,9,3,1,3,5,8,3,3,19419,2,17,3,2,1,21,4,18,16,0
717,27,0,2,16,4,0,3,1,3,2,2,2811,9,14,3,2,1,4,3,2,2,2
718,45,0,2,23,2,1,3,2,3,1,2,3633,1,15,3,3,1,9,3,9,8,0
719,47,0,3,4,2,0,3,2,1,4,1,4163,1,17,3,3,0,9,3,9,0,0
720,30,1,2,22,3,0,3,1,2,3,2,2132,4,11,3,2,0,7,3,5,2,0
721,50,0,2,24,3,1,3,4,4,3,2,13973,3,18,3,4,1,22,3,12,11,1
722,38,0,2,10,1,1,3,1,2,3,2,2684,0,17,3,2,1,3,2,2,1,0
723,46,0,2,7,2,1,3,3,4,3,3,10845,6,13,3,2,1,13,3,8,7,0
724,24,0,2,17,1,0,2,2,4,3,3,4377,1,15,3,2,2,5,3,4,2,3
725,35,1,2,14,4,1,2,1,3,2,3,3743,1,24,4,4,1,5,1,4,2,0
726,31,0,2,1,1,0,3,2,4,1,2,4148,1,12,3,3,1,4,3,4,3,0
727,18,0,2,5,2,1,3,1,2,4,1,1051,1,15,3,4,0,0,3,0,0,0
728,54,0,2,17,3,0,3,3,4,3,2,10739,8,11,3,3,1,22,3,10,7,0
729,35,0,2,25,4,0,3,3,5,3,3,10388,1,11,3,3,1,16,2,16,10,10
730,30,0,2,8,2,0,4,3,8,1,2,11416,0,12,3,3,3,9,2,8,7,1
731,20,1,2,11,3,0,2,1,2,1,1,2600,1,15,3,1,0,1,3,1,0,0
732,30,1,2,5,3,0,3,1,3,2,1,2422,0,17,3,1,0,4,3,3,2,1
733,26,0,2,2,2,1,4,2,4,4,2,5472,1,12,3,2,0,8,3,8,7,1
734,22,0,2,8,1,1,1,1,3,1,2,2451,1,15,3,1,1,4,2,4,3,1
735,48,0,2,6,3,1,2,2,5,3,1,4240,2,13,3,4,0,19,3,2,2,2
736,48,0,2,4,4,1,2,3,5,3,1,10999,7,14,3,2,0,27,3,15,11,4
737,41,0,2,7,2,0,3,2,4,3,1,5003,6,14,3,2,0,8,3,2,2,2
738,39,0,2,1,1,0,2,4,4,4,2,12742,1,16,3,3,1,21,3,21,6,11
739,27,0,2,2,4,0,3,2,4,4,2,4227,0,18,3,2,1,4,3,3,2,2
740,35,0,2,10,3,1,3,1,3,4,3,3917,1,20,4,1,1,3,2,3,2,1
741,42,0,3,5,2,1,3,5,6,3,2,18303,6,13,3,2,0,21,4,1,0,0
742,50,0,2,9,3,1,3,1,3,4,2,2380,4,18,3,2,0,8,3,1,0,0
743,59,0,2,2,3,0,2,4,4,4,1,13726,3,13,3,1,0,30,3,5,3,4
744,37,1,2,11,2,0,1,2,5,2,2,4777,5,15,3,1,0,15,1,1,0,0
745,55,0,2,18,4,1,3,2,5,2,2,6385,3,14,3,4,2,17,3,8,7,6
746,41,0,2,7,1,0,1,5,8,3,3,19973,1,22,4,2,2,21,3,21,16,5
747,38,0,3,3,4,1,3,2,1,4,1,6861,8,12,3,3,0,19,3,1,0,0
748,26,1,3,29,2,1,1,2,1,1,1,4969,8,18,3,4,0,7,3,2,2,2
749,52,1,3,2,1,0,1,5,6,4,2,19845,1,15,3,4,1,33,3,32,14,6
750,44,0,3,28,3,0,4,4,1,4,2,13320,3,18,3,3,1,23,3,12,11,11
751,50,0,3,1,3,0,3,2,1,3,2,6347,0,12,3,1,1,19,3,18,7,0
752,36,1,2,16,4,0,4,1,3,1,1,2743,1,16,3,3,0,18,3,17,13,15
753,39,0,2,22,3,0,3,3,4,1,1,10880,1,13,3,3,0,21,3,21,6,2
754,33,0,3,8,1,0,2,1,7,4,1,2342,0,19,3,4,0,3,2,2,2,2
755,45,0,3,11,2,0,3,4,6,4,2,17650,3,13,3,2,1,26,4,9,3,1
756,32,0,2,29,4,0,3,1,3,3,1,4025,9,12,3,2,0,10,3,8,7,7
757,34,0,3,1,4,1,4,2,1,4,3,9725,0,11,3,4,1,16,2,15,1,0
758,59,0,3,1,2,1,3,3,6,4,2,11904,3,14,3,3,1,14,1,6,4,0
759,45,0,1,24,4,1,3,1,9,2,1,2177,1,16,3,1,0,6,3,6,3,0
760,53,0,3,2,3,0,2,3,1,2,2,7525,2,12,3,1,1,30,3,15,7,6
761,36,1,2,15,3,1,3,2,3,3,3,4834,7,14,3,2,1,9,2,1,0,0
762,26,1,2,2,3,1,3,1,2,1,2,2042,6,14,3,2,1,6,3,3,2,1
763,34,0,3,10,4,0,3,1,7,3,2,2220,1,19,3,4,1,1,3,1,1,0
764,28,0,3,10,1,1,3,1,7,2,2,1052,1,22,4,2,0,1,3,1,0,0
765,38,0,2,3,4,1,3,1,2,3,2,2821,3,16,3,1,1,8,3,2,2,2
766,50,0,2,2,4,1,3,5,8,3,2,19237,2,11,3,4,1,29,2,8,1,7
767,37,0,2,3,3,0,3,2,5,2,1,4107,3,15,3,1,0,8,2,4,3,0
768,40,0,3,26,3,1,3,2,1,1,2,8396,1,14,3,2,1,8,2,7,7,7
769,26,0,2,1,1,0,2,1,2,3,3,2007,1,13,3,3,2,5,3,5,3,1
770,46,0,2,1,4,1,3,5,8,4,3,19627,9,17,3,4,2,23,3,2,2,2
771,54,0,3,2,4,0,2,3,1,3,2,10686,6,11,3,2,1,13,3,9,4,7
772,56,0,2,9,3,0,3,1,2,3,2,2942,2,19,3,2,1,18,3,5,4,0
773,36,0,2,12,5,0,2,3,4,4,1,8858,0,11,3,2,0,15,2,14,8,7
774,55,0,2,2,1,1,2,4,6,1,1,16756,7,15,3,2,0,31,4,9,7,6
775,43,0,3,25,3,1,2,3,1,4,3,10798,5,13,3,3,1,18,3,1,0,0
776,20,1,3,9,3,0,3,1,7,4,1,2323,1,14,3,2,0,2,3,2,2,0
777,21,1,2,10,3,0,2,1,3,1,1,1416,1,13,3,1,0,1,2,1,0,1
778,46,0,2,8,4,0,2,2,2,1,3,4615,8,23,4,1,3,19,3,16,13,1
779,51,1,2,4,4,1,3,1,2,3,2,2461,9,12,3,3,3,18,4,10,0,2
780,28,1,2,24,2,1,2,3,5,1,1,8722,1,12,3,1,0,10,2,10,7,1
781,26,0,2,1,2,1,2,1,3,1,2,3955,1,16,3,1,2,6,3,5,3,1
782,30,0,2,20,3,1,3,2,4,1,2,9957,0,15,3,3,1,7,2,6,2,0
783,41,0,2,7,2,0,4,1,2,3,2,3376,1,13,3,3,0,10,3,10,6,0
784,38,0,2,17,1,0,2,3,5,3,2,8823,0,18,3,1,1,20,2,19,9,1
785,40,0,2,20,4,1,3,3,5,4,2,10322,4,20,4,4,1,14,3,11,10,11
786,27,0,2,8,5,1,1,1,3,3,2,4621,1,19,3,4,3,3,3,3,2,1
787,55,0,2,2,1,1,3,3,4,2,2,10976,3,18,3,2,1,23,3,3,2,1
788,28,0,2,10,3,0,3,2,2,3,1,3660,3,13,3,4,0,10,4,8,7,1
789,44,1,1,1,2,1,2,3,9,1,2,10482,9,14,3,4,1,24,3,20,6,3
790,33,0,2,5,3,1,2,3,5,4,3,7119,4,15,3,3,1,9,3,3,2,1
791,35,1,3,4,3,1,3,3,1,1,1,9582,0,22,4,1,0,9,3,8,7,4
792,33,1,2,29,4,0,2,2,2,3,1,4508,1,22,4,2,0,14,3,13,7,3
793,28,0,2,15,2,1,3,1,3,3,3,2207,1,16,3,4,1,4,2,4,2,2
794,34,0,2,3,1,1,3,2,5,4,1,7756,0,17,3,3,0,7,2,6,2,0
795,37,0,3,10,4,0,2,2,1,4,3,6694,2,14,3,3,3,8,3,1,0,0
796,25,1,2,4,1,1,3,1,3,4,2,3691,1,15,3,2,1,7,4,7,7,5
797,26,1,2,21,3,1,3,1,3,3,3,2377,1,20,4,3,1,1,2,1,1,0
798,33,1,2,25,3,1,2,1,2,2,1,2313,4,20,4,2,0,5,3,2,2,2
799,42,0,2,2,2,1,3,4,6,1,2,17665,0,17,3,4,1,23,3,22,6,13
800,28,1,2,1,3,1,2,1,3,2,3,2596,1,15,3,1,2,1,3,1,0,0
801,50,1,3,1,4,1,3,2,1,3,1,4728,3,14,3,4,0,5,3,0,0,0
802,33,0,3,7,3,0,3,2,1,2,2,4302,0,17,3,3,1,4,3,3,2,0
803,34,0,2,3,4,1,2,1,2,4,2,2979,3,17,3,4,3,6,3,0,0,0
804,48,0,2,1,4,1,4,4,6,4,1,16885,2,22,4,3,0,27,2,5,4,2
805,45,0,3,9,4,0,2,2,1,3,2,5593,1,13,3,4,1,15,3,15,10,4
806,52,0,2,7,4,1,3,3,5,2,1,10445,7,19,3,4,0,18,3,8,6,4
807,38,0,3,10,4,1,2,3,1,3,3,8740,0,14,3,2,2,9,3,8,7,2
808,29,0,2,28,4,0,3,1,2,4,3,2514,4,22,4,1,1,11,3,7,5,1
809,28,0,2,3,3,0,3,3,4,2,3,7655,0,17,3,2,3,10,2,9,7,1
810,46,0,3,3,1,1,3,4,6,3,2,17465,3,12,3,4,1,23,3,12,9,4
811,38,0,3,2,2,1,3,3,1,2,1,7351,7,16,3,3,0,10,3,1,0,0
812,43,0,2,27,3,0,3,3,4,1,2,10820,8,11,3,3,1,18,3,8,7,0
813,39,1,2,2,3,1,3,4,5,4,3,12169,7,11,3,4,3,21,3,18,7,11
814,40,0,2,14,3,1,2,5,8,3,1,19626,1,14,3,1,0,21,4,20,7,4
815,21,0,2,1,1,0,2,1,2,2,1,2070,1,11,3,3,0,2,4,2,2,2
816,39,0,2,9,3,1,3,2,3,2,1,6782,9,15,3,3,0,9,2,5,4,0
817,36,0,2,18,4,1,3,2,4,4,1,7779,2,20,4,1,0,18,3,11,9,0
818,31,0,3,20,3,1,4,1,7,4,2,2791,0,12,3,1,1,3,3,2,2,2
819,28,0,2,2,1,1,2,1,2,2,2,3201,0,17,3,1,0,6,1,5,3,0
820,35,0,3,11,2,1,3,2,1,4,3,4968,1,11,3,4,1,5,3,5,2,0
821,49,0,3,8,4,1,2,4,1,2,2,13120,6,17,3,2,1,22,3,9,8,2
822,34,0,2,2,2,1,3,2,4,3,1,4033,2,11,3,4,0,5,2,3,2,0
823,29,0,2,10,3,0,3,1,2,2,3,3291,0,14,3,4,2,8,2,7,5,1
824,42,0,2,29,3,1,1,2,3,4,1,4272,4,19,3,1,0,16,3,1,0,0
825,29,0,2,8,1,1,2,2,4,4,2,5056,1,15,3,3,1,10,2,10,7,1
826,38,0,1,1,3,1,4,1,9,3,2,2844,1,13,3,4,1,7,4,7,6,5
827,28,0,2,6,3,1,2,1,2,3,3,2703,1,14,3,4,1,3,3,3,1,0
828,18,1,2,8,1,1,3,1,3,3,1,1904,1,12,3,4,0,0,3,0,0,0
829,33,1,3,9,4,0,3,2,1,1,1,8224,0,17,3,1,0,6,3,5,2,0
830,41,0,2,12,4,1,3,1,3,4,2,4766,3,11,3,1,1,6,3,1,0,0
831,31,1,2,15,3,1,3,1,3,3,2,2610,1,12,3,3,1,2,2,2,2,2
832,37,0,2,25,2,0,2,2,5,4,3,5731,7,13,3,3,2,9,3,6,2,1
833,27,0,2,6,3,1,2,1,2,3,2,2539,1,13,3,3,1,4,3,4,2,2
834,34,0,3,9,1,0,3,2,1,3,2,5714,1,20,4,1,0,6,2,6,5,1
835,35,0,1,8,4,1,3,1,9,3,1,4323,1,17,3,2,0,6,1,5,4,1
836,29,1,3,23,1,0,2,3,1,1,2,7336,1,13,3,1,1,11,1,11,8,3
837,40,0,2,9,4,0,3,3,8,3,1,13499,9,17,3,3,0,20,2,18,7,2
838,42,1,3,12,3,1,3,4,1,1,1,13758,0,12,3,2,0,22,2,21,9,13
839,42,0,3,4,4,1,3,2,1,1,1,5155,7,13,3,4,0,9,4,6,4,1
840,35,0,2,1,4,1,2,1,3,3,2,2258,6,12,3,2,1,10,3,8,0,1
841,24,0,2,24,3,1,3,1,3,2,1,3597,8,22,4,4,0,6,3,4,3,1
842,28,1,2,12,1,0,3,1,3,4,2,2515,1,11,3,4,0,1,2,1,1,0
843,26,0,2,3,4,1,4,1,3,4,2,4420,1,22,4,2,1,8,3,8,7,0
844,30,0,3,10,3,1,2,2,1,3,2,6578,1,18,3,1,1,10,3,10,3,1
845,40,0,2,26,2,0,2,2,2,4,2,4422,3,13,3,4,1,16,1,1,1,0
846,35,0,2,2,3,1,2,3,4,2,3,10274,2,18,3,2,1,15,4,7,7,6
847,34,0,2,1,3,1,2,2,5,1,1,5343,0,20,4,3,0,14,3,13,9,4
848,35,0,2,4,4,1,2,1,3,4,2,2376,1,13,3,2,1,2,4,2,2,2
849,43,1,3,9,3,0,1,2,1,3,1,5346,8,13,3,2,0,7,2,4,3,1
850,32,0,3,2,1,0,3,1,7,1,3,2827,1,12,3,3,3,1,3,1,0,0
851,56,0,2,4,4,0,3,5,6,1,3,19943,4,13,3,4,1,28,3,5,2,4
852,29,0,2,6,1,0,3,1,3,4,2,3131,1,13,3,1,1,10,3,10,8,0
853,19,0,2,9,2,1,3,1,2,1,1,2552,1,25,4,3,0,1,3,1,1,0
854,45,0,2,7,3,0,3,1,2,3,2,4477,4,19,3,3,1,7,2,3,2,0
855,37,0,2,1,3,0,2,2,4,4,2,6474,1,13,3,2,1,14,2,14,8,3
856,20,0,2,3,3,1,2,1,3,3,1,3033,1,12,3,1,0,2,2,2,2,1
857,44,1,2,10,4,1,3,1,2,3,1,2936,1,11,3,3,0,6,3,6,4,0
858,53,0,2,7,2,0,3,5,6,3,3,18606,3,18,3,2,1,26,3,7,7,4
859,29,0,2,15,1,0,1,1,2,4,2,2168,0,18,3,1,1,6,2,5,4,1
860,22,1,2,3,4,1,2,1,2,4,2,2853,0,11,3,2,1,1,3,0,0,0
861,46,0,3,2,3,0,3,4,6,1,2,17048,8,23,4,1,0,28,3,26,15,15
862,44,0,2,17,3,1,1,1,2,3,1,2290,2,13,3,4,0,6,3,0,0,0
863,33,0,1,2,3,1,3,1,9,3,2,3600,1,13,3,4,1,5,3,5,4,1
864,41,1,2,5,2,1,2,1,2,1,3,2107,6,17,3,1,1,5,1,1,0,0
865,30,0,3,29,4,1,3,2,1,1,3,4115,8,19,3,3,3,8,3,4,3,0
866,40,0,3,2,4,1,3,2,1,2,2,4327,5,12,3,4,3,5,3,0,0,0
867,50,0,2,2,3,0,3,4,6,1,2,17856,2,22,4,3,1,32,3,2,2,2
868,28,0,2,19,4,1,2,1,3,1,2,3196,1,12,3,3,3,6,3,6,5,3
869,46,0,2,15,2,1,3,5,8,2,2,19081,5,11,3,1,1,25,3,4,2,0
870,35,0,3,17,4,1,3,2,1,1,2,8966,3,15,3,4,3,15,3,7,7,1
871,24,1,2,17,2,0,3,1,3,2,2,2210,1,13,3,1,1,1,1,1,0,0
872,33,0,3,25,3,0,3,2,1,3,2,4539,1,12,3,1,1,10,2,10,7,0
873,36,0,2,6,4,1,1,1,3,3,3,2741,1,14,3,3,1,7,3,7,7,1
874,30,0,2,7,4,1,3,2,3,3,3,3491,1,13,3,1,3,10,2,10,7,8
875,44,0,2,29,4,1,3,2,2,4,1,4541,1,25,4,2,0,20,3,20,11,13
876,20,0,3,21,3,1,4,1,7,4,1,2678,1,17,3,4,0,2,3,2,1,2
877,46,0,2,2,4,1,3,2,4,4,3,7379,2,11,3,3,1,12,2,6,3,1
878,42,0,1,2,5,1,4,2,9,1,2,6272,7,16,3,1,1,10,4,4,3,0
879,60,0,3,7,4,1,4,2,1,4,3,5220,0,18,3,2,1,12,3,11,7,1
880,32,0,2,13,3,0,2,1,3,2,2,2743,1,20,4,3,1,2,3,2,2,2
881,32,0,2,2,2,0,3,2,2,3,1,4998,4,14,3,4,0,10,3,8,7,0
882,36,0,2,1,3,0,1,3,4,1,3,10252,2,21,4,3,1,17,3,7,7,7
883,33,0,2,9,3,1,3,1,2,4,2,2781,0,13,3,2,1,15,3,14,10,4
884,40,0,3,10,3,0,2,2,1,2,3,6852,7,12,3,2,1,7,4,5,1,1
885,25,0,3,10,4,1,3,2,1,4,1,4950,0,14,3,2,0,5,3,4,3,1
886,30,0,2,1,3,1,3,1,2,2,2,3579,0,21,4,1,1,12,3,11,9,5
887,42,0,2,26,5,0,3,3,8,1,2,13191,3,17,3,3,0,20,3,1,0,0
888,35,0,3,8,2,0,2,3,1,4,2,10377,4,11,3,2,1,16,2,13,2,4
889,27,0,2,14,3,1,3,1,2,1,2,2235,1,14,3,4,2,9,2,9,7,6
890,54,0,2,1,4,0,3,3,4,3,3,10502,7,17,3,1,1,33,1,5,4,1
891,44,0,2,2,1,0,4,1,2,4,2,2011,1,13,3,4,1,10,3,10,5,7
892,19,1,2,10,3,0,2,1,2,2,1,1859,1,25,4,2,0,1,4,1,1,0
893,29,0,2,1,3,0,3,1,2,4,3,3760,1,15,3,1,3,3,3,3,2,1
894,54,0,2,3,3,1,3,4,8,4,2,17779,3,14,3,1,0,36,3,10,9,0
895,31,0,2,11,2,1,3,2,5,1,2,6833,1,12,3,4,0,6,2,6,5,0
896,31,0,2,24,3,0,2,2,5,1,1,6812,1,19,3,2,0,10,3,10,9,1
897,59,0,3,3,3,0,2,2,1,4,1,5171,5,17,3,4,0,13,3,6,1,0
898,43,0,2,3,3,1,1,5,8,4,2,19740,3,14,3,2,1,25,3,8,7,0
899,49,0,2,4,2,1,2,5,6,3,2,18711,2,13,3,3,1,23,4,1,0,0
900,36,0,2,3,3,1,3,1,2,2,2,3692,1,12,3,3,0,12,2,11,10,0
901,48,0,2,2,2,1,4,1,3,2,1,2559,5,11,3,3,0,7,2,1,0,0
902,27,0,2,4,2,1,3,1,2,3,3,2517,1,11,3,2,3,5,3,5,3,0
903,29,0,2,7,3,1,3,2,5,4,3,6623,1,11,3,2,2,6,3,6,0,1
904,48,0,2,1,3,1,2,5,8,4,1,18265,6,12,3,3,0,25,4,1,0,0
905,29,0,2,1,3,0,2,4,8,4,3,16124,3,14,3,2,2,9,2,7,7,1
906,34,0,2,20,3,0,4,1,2,3,2,2585,0,17,3,4,0,2,2,1,0,0
907,44,0,3,5,3,1,3,5,6,2,2,18213,7,11,3,3,1,26,3,22,9,3
908,33,0,3,10,5,1,4,3,1,3,3,8380,0,14,3,4,2,10,3,9,8,0
909,19,0,2,25,3,0,4,1,2,4,1,2994,1,12,3,4,0,1,3,1,0,0
910,23,0,2,1,2,1,3,1,2,3,2,1223,1,22,4,4,1,1,3,1,0,0
911,25,1,3,24,1,1,1,1,7,4,1,1118,1,14,3,4,0,1,3,1,0,1
912,26,0,2,4,2,1,3,1,2,4,1,2875,1,20,4,2,0,8,2,8,5,2
913,45,1,3,2,3,0,1,5,6,2,1,18824,2,16,3,1,0,26,3,24,10,1
914,55,0,2,8,1,1,2,4,5,2,3,13577,1,15,3,4,1,34,3,33,9,15
915,21,1,2,10,2,0,2,1,3,3,1,2625,1,20,4,3,0,2,1,2,2,2
916,46,0,3,4,2,0,2,5,6,2,2,18789,2,14,3,3,1,26,3,11,4,0
917,34,0,3,2,3,0,3,2,1,1,1,4538,0,12,3,4,0,4,3,3,2,0
918,51,0,3,9,3,1,3,5,6,2,3,19847,4,24,4,1,1,31,2,29,10,11
919,59,0,2,18,4,1,3,3,4,4,1,10512,6,12,3,4,0,25,2,9,7,5
920,34,0,2,19,3,0,3,2,3,2,3,4444,4,13,3,3,2,15,4,11,8,5
921,28,0,2,1,4,1,3,1,3,3,1,2154,0,11,3,3,0,5,2,4,2,0
922,44,0,2,4,2,1,4,5,6,1,3,19190,1,14,3,4,2,26,2,25,9,14
923,34,0,1,11,3,1,2,2,9,2,2,4490,4,11,3,4,2,14,4,10,9,1
924,35,0,2,6,1,1,3,1,2,3,2,3506,0,14,3,4,0,4,3,3,2,2
925,42,0,2,7,4,0,4,2,2,2,2,2372,6,16,3,4,0,18,3,1,0,0
926,43,0,3,4,4,0,2,3,1,4,1,10231,3,14,3,4,0,23,4,21,7,15
927,36,0,2,2,4,0,3,2,4,2,1,5410,9,11,3,4,0,18,3,16,14,5
928,44,1,2,15,3,0,3,3,5,4,2,7978,1,11,3,4,1,10,3,10,7,0
929,28,0,2,2,3,1,2,1,3,4,2,3867,1,12,3,2,1,2,3,2,2,2
930,51,0,2,6,2,0,2,1,3,3,1,2838,0,14,3,2,0,8,2,7,0,7
931,30,0,2,9,2,0,3,2,4,3,1,4695,7,18,3,3,0,10,3,8,4,1
932,29,1,2,7,3,0,3,1,3,3,3,3339,3,13,3,1,2,10,3,7,7,7
933,28,0,2,1,3,1,3,1,2,1,1,2080,2,11,3,2,0,5,2,3,2,1
934,25,0,2,1,3,0,3,1,2,2,1,2096,1,18,3,4,0,2,2,2,2,2
935,32,0,3,8,3,1,4,2,1,4,2,6209,1,15,3,3,2,10,4,10,7,0
936,45,0,2,25,3,0,3,5,6,2,1,18061,3,22,4,3,0,22,3,0,0,0
937,39,0,2,13,4,0,2,4,6,2,3,17123,6,13,3,4,2,21,3,19,9,15
938,58,0,2,23,4,1,3,1,2,3,3,2372,1,12,3,4,2,2,3,2,2,2
939,32,1,2,7,2,1,3,2,3,3,2,4883,1,18,3,1,1,10,3,10,4,1
940,39,1,2,23,3,1,3,1,2,1,1,3904,0,13,3,1,0,6,3,5,2,0
941,30,0,2,6,3,0,2,2,3,4,2,4627,0,12,3,1,1,10,3,9,2,6
942,36,0,2,10,4,0,3,3,5,3,2,7094,3,12,3,1,0,10,3,7,7,1
943,46,0,1,1,2,0,3,1,9,1,1,3423,6,12,3,3,0,10,4,7,6,5
944,28,0,2,1,3,0,1,2,3,4,2,6674,0,11,3,1,3,10,3,9,8,7
945,50,0,2,28,3,0,3,4,8,1,2,16880,4,11,3,2,0,25,3,3,2,1
946,40,1,3,25,4,1,2,3,1,2,1,9094,2,12,3,3,0,9,3,5,4,1
947,52,1,3,5,3,1,3,3,1,2,1,8446,9,19,3,3,0,10,2,8,7,7
948,30,0,2,17,4,0,3,3,6,1,2,11916,1,23,4,4,2,9,3,9,1,0
949,39,0,2,18,2,1,3,2,4,3,1,4534,0,11,3,1,0,9,3,8,7,1
950,31,0,3,2,4,0,3,3,1,3,3,9852,1,19,3,1,1,10,2,10,8,9
951,41,0,3,10,2,1,1,2,1,2,1,6151,1,13,3,1,0,19,3,19,2,11
952,31,1,3,1,3,0,3,1,7,2,1,2302,1,11,3,1,0,3,4,3,2,2
953,44,1,2,3,3,1,3,1,3,1,2,2362,4,12,3,3,0,10,4,3,2,1
954,42,0,2,2,1,1,3,4,6,3,2,17861,0,13,3,4,0,21,2,20,8,2
955,55,0,2,2,2,0,1,5,6,3,2,19187,4,14,3,4,1,23,3,19,9,9
956,56,0,1,8,4,1,3,5,6,2,1,19717,6,14,3,1,0,36,3,7,3,7
957,40,0,2,16,2,1,3,1,2,3,3,3544,9,16,3,2,1,6,3,4,2,0
958,34,0,2,9,3,1,3,3,5,4,3,8500,0,11,3,4,1,10,2,9,7,1
959,40,0,2,2,3,1,3,2,2,4,1,4661,1,13,3,3,0,9,3,9,8,8
960,41,0,3,1,3,0,3,2,1,1,3,4103,0,17,3,4,1,10,3,9,3,1
961,35,0,2,4,4,1,3,2,2,3,1,4249,1,11,3,2,0,9,3,9,6,1
962,51,0,1,5,3,1,3,4,6,2,3,14026,1,11,3,2,1,33,3,33,9,0
963,38,0,3,2,2,0,3,2,1,1,3,6893,3,15,3,4,1,11,3,7,7,1
964,34,0,3,15,2,0,3,2,1,1,1,6125,1,12,3,4,0,10,4,10,8,9
965,25,0,2,19,1,1,3,1,3,4,2,3669,3,11,3,3,3,7,2,3,2,1
966,58,1,2,7,4,0,2,3,4,1,2,10008,7,14,3,4,0,31,2,10,9,5
967,40,0,2,1,4,1,3,1,3,2,2,2387,3,22,4,3,1,7,3,4,2,0
968,36,0,3,7,3,0,4,2,1,1,2,4639,2,16,3,4,1,17,2,15,7,6
969,48,0,2,4,3,1,3,3,4,4,1,7898,1,11,3,3,0,11,3,10,9,0
970,27,0,3,11,3,0,4,1,7,4,2,2534,8,14,3,2,1,5,3,1,0,0
971,51,0,2,11,2,0,2,4,4,2,1,13142,3,16,3,2,0,29,2,5,2,0
972,18,0,2,1,3,0,3,1,3,4,1,1611,1,15,3,3,0,0,4,0,0,0
973,35,0,2,1,3,0,2,2,3,4,2,5363,0,12,3,2,1,10,3,9,7,0
974,27,0,3,2,1,1,1,2,1,4,1,5071,3,20,4,2,0,8,3,6,2,0
975,55,1,3,13,4,1,4,4,1,3,1,13695,6,17,3,3,0,24,2,19,7,3
976,56,0,2,23,3,1,3,4,4,2,2,13402,4,12,3,1,1,33,3,19,16,15
977,34,0,2,26,1,0,2,1,2,3,3,2029,1,20,4,3,3,5,3,5,4,0
978,40,0,2,2,1,0,4,2,5,3,3,6377,5,20,4,2,3,15,3,12,11,11
979,34,0,2,29,3,1,3,2,3,3,2,5429,4,13,3,1,2,10,3,8,7,7
980,31,1,3,2,3,0,2,1,7,4,1,2785,7,14,3,3,0,3,4,1,0,0
981,35,1,3,18,4,0,3,2,1,3,2,4614,0,18,3,3,1,5,2,4,2,3
982,38,0,2,7,3,1,4,1,2,3,3,2610,1,11,3,4,3,4,3,4,2,0
983,34,0,2,2,4,0,3,2,5,4,1,6687,1,11,3,4,0,14,4,14,11,4
984,28,0,3,26,3,1,2,2,1,1,2,4724,1,11,3,3,1,5,3,5,3,0
985,31,1,2,22,4,1,3,2,4,3,2,6179,1,15,3,4,2,10,2,10,2,6
986,39,0,3,21,4,1,2,2,1,4,2,6120,3,12,3,4,2,8,4,5,4,1
987,51,0,3,2,3,1,3,3,1,2,2,10596,2,11,3,2,0,14,3,4,2,3
988,41,0,2,22,3,0,3,2,2,4,3,5467,3,14,3,1,2,12,2,6,2,3
989,37,0,2,4,1,1,3,1,2,3,2,2996,7,15,3,4,0,8,3,6,4,1
990,33,0,3,5,1,1,3,2,1,4,2,9998,6,13,3,1,0,8,4,5,4,1
991,32,0,3,2,1,1,3,2,1,2,2,4078,0,13,3,1,3,4,2,3,2,1
992,39,0,2,25,2,1,3,3,5,3,2,10920,3,21,4,2,1,13,3,6,4,0
993,25,0,3,18,1,1,4,2,1,3,2,6232,2,11,3,2,0,6,2,3,2,1
994,52,0,2,28,2,0,4,4,4,3,2,13247,2,11,3,2,1,24,2,5,3,0
995,43,0,2,6,3,0,2,2,2,3,1,4081,1,14,3,1,0,20,1,20,7,1
996,27,0,3,10,3,0,2,2,1,4,2,5769,1,11,3,4,0,6,3,6,2,4
997,27,1,2,17,4,0,3,1,2,3,1,2394,1,13,3,4,0,8,3,8,2,7
998,26,0,2,2,1,1,2,1,2,4,1,3904,0,12,3,4,0,5,3,4,3,1
999,42,0,1,10,3,0,3,4,6,1,2,16799,0,14,3,3,1,21,3,20,7,0
1000,52,0,2,8,4,0,3,1,3,1,2,2950,9,13,3,3,0,12,1,5,4,0
1001,37,0,2,11,3,0,3,1,3,3,1,3629,4,18,3,1,0,8,3,3,2,0
1002,35,0,2,18,2,1,3,3,4,4,1,9362,2,11,3,3,0,10,3,2,2,2
1003,25,0,2,1,3,1,3,1,3,4,2,3229,4,11,3,2,1,7,2,3,2,0
1004,26,0,2,7,3,1,4,1,3,1,1,3578,0,12,3,4,0,8,3,7,7,0
1005,29,0,1,17,3,1,2,3,9,1,1,7988,1,13,3,1,0,10,2,10,9,0
1006,49,1,2,28,2,1,2,2,3,1,1,4284,3,20,4,1,0,20,3,4,3,1
1007,29,1,2,14,1,0,3,3,5,4,1,7553,0,12,3,1,0,9,3,8,7,7
1008,54,0,2,1,3,0,3,4,8,4,1,17328,6,19,3,4,0,29,2,20,7,12
1009,58,0,2,1,3,0,3,5,8,1,2,19701,3,21,4,3,1,32,3,9,8,1
1010,55,0,2,1,4,1,4,4,8,4,3,14732,2,13,3,4,2,31,4,7,7,0
1011,36,0,3,3,4,0,3,2,1,2,1,9278,3,16,3,4,0,15,3,5,4,0
1012,31,1,3,1,4,0,1,1,7,3,1,1359,1,12,3,2,0,1,3,1,0,0
1013,30,0,3,7,4,0,3,2,1,1,3,4779,7,14,3,2,2,8,3,3,2,0
1014,31,0,2,8,5,0,3,4,8,2,1,16422,3,11,3,3,0,9,4,3,2,1
1015,34,0,2,1,4,1,3,1,2,1,3,2996,5,14,3,3,2,10,3,4,3,1
1016,31,1,2,8,3,0,2,1,2,2,1,1261,1,12,3,3,0,1,4,1,0,0
1017,27,0,2,11,1,1,3,1,3,1,2,2099,0,14,3,2,0,6,4,5,0,1
1018,36,0,2,4,4,1,2,2,3,4,1,5810,1,16,3,3,0,10,2,10,4,1
1019,36,0,3,16,4,0,2,2,1,1,2,5647,4,13,3,1,2,11,2,3,2,0
1020,47,0,2,1,3,1,3,1,2,4,2,3420,7,12,3,3,1,17,2,6,5,1
1021,25,1,3,9,2,1,2,1,7,1,2,4400,3,12,3,1,0,6,3,3,2,2
1022,37,0,2,5,2,1,4,1,3,3,1,3500,0,14,3,1,0,7,1,6,5,1
1023,56,0,2,1,2,0,3,1,2,1,2,2066,2,22,4,4,1,5,4,3,2,1
1024,47,0,2,2,4,0,3,4,8,3,2,17169,3,19,3,2,2,26,4,20,17,5
1025,24,0,3,4,1,0,3,2,1,3,2,4162,1,12,3,3,2,5,3,5,4,0
1026,32,0,3,7,5,1,3,2,1,4,2,9204,4,12,3,3,1,7,2,4,3,0
1027,34,0,2,1,3,0,2,1,3,2,2,3294,5,17,3,1,1,7,2,5,4,0
1028,41,0,2,5,5,1,4,1,2,3,2,2127,2,12,3,1,0,7,2,4,2,0
1029,40,0,2,9,4,1,3,2,3,3,3,3975,3,11,3,3,2,11,4,8,7,0
1030,31,0,3,8,2,1,3,3,1,4,3,10793,1,18,3,1,1,13,3,13,7,9
1031,46,1,3,9,3,1,3,3,1,4,3,10096,4,11,3,1,1,28,4,7,7,4
1032,39,1,2,2,3,0,2,1,3,1,1,3646,2,23,4,2,0,11,4,1,0,0
1033,31,1,2,1,5,0,4,3,4,2,1,7446,1,11,3,1,0,10,3,10,8,4
1034,45,0,2,20,3,1,1,3,5,1,3,10851,2,18,3,2,1,24,3,7,7,0
1035,31,0,1,8,2,0,4,1,9,2,1,2109,9,18,3,4,0,8,3,3,2,0
1036,31,1,2,2,3,1,3,1,3,4,2,3722,6,13,3,3,1,7,1,2,2,2
1037,45,0,2,29,3,1,3,3,4,4,2,9380,4,18,3,4,2,10,4,3,1,1
1038,48,0,3,7,3,1,3,2,1,1,3,5486,4,11,3,1,3,15,3,2,2,2
1039,34,1,1,9,4,0,3,1,9,3,2,2742,1,15,3,4,0,2,3,2,2,2
1040,40,0,2,8,1,1,2,3,8,2,3,13757,2,11,3,3,1,16,3,9,8,4
1041,28,0,3,5,3,1,3,2,1,1,1,8463,0,18,3,4,0,6,3,5,4,1
1042,44,0,2,5,3,1,2,1,3,3,1,3162,3,14,3,4,0,7,3,5,2,0
1043,53,0,2,2,3,1,4,4,8,2,1,16598,4,12,3,2,0,35,2,9,8,8
1044,49,0,2,5,4,1,3,2,5,3,2,6651,2,14,3,2,1,20,2,3,2,1
1045,40,0,2,2,3,1,3,1,2,3,3,2345,2,14,3,3,1,8,4,3,1,1
1046,44,0,2,20,3,1,3,1,2,2,1,3420,1,13,3,3,0,6,2,5,2,1
1047,33,0,3,7,3,1,3,2,1,1,2,4373,0,14,3,1,2,5,3,4,3,0
1048,34,0,3,3,3,1,1,2,1,1,1,4759,3,18,3,4,0,15,3,13,9,3
1049,30,0,3,16,1,1,3,2,1,3,2,5301,8,15,3,3,2,4,2,2,1,2
1050,42,0,2,9,2,0,3,1,3,4,1,3673,1,13,3,3,0,12,3,12,9,5
1051,44,0,3,1,5,0,3,2,1,3,2,4768,7,12,3,3,1,11,2,1,0,0
1052,30,0,2,7,3,1,3,1,2,3,3,1274,1,13,3,2,2,1,2,1,0,0
1053,57,0,2,1,2,1,4,2,2,3,2,4900,0,24,4,1,1,13,2,12,9,2
1054,49,0,2,7,4,1,3,3,5,2,3,10466,3,14,3,2,2,29,3,8,7,0
1055,34,0,2,15,3,1,3,4,8,1,3,17007,7,14,3,4,2,16,2,14,8,6
1056,28,1,3,1,3,1,3,1,7,3,2,2909,3,15,3,4,1,5,4,3,2,1
1057,29,1,3,13,3,0,3,2,1,2,1,5765,5,11,3,1,0,7,1,5,3,0
1058,34,1,3,24,4,0,2,2,1,2,1,4599,0,23,4,3,0,16,4,15,9,10
1059,35,0,3,7,1,1,3,1,7,3,2,2404,1,13,3,1,1,1,3,1,0,0
1060,24,1,2,9,3,1,3,1,3,1,1,3172,2,11,3,3,0,4,2,0,0,0
1061,24,0,3,13,2,0,3,1,7,2,2,2033,1,13,3,3,1,1,3,1,0,0
1062,44,0,2,2,1,1,3,3,4,3,1,10209,5,18,3,2,0,16,2,2,2,2
1063,29,0,3,19,3,1,2,2,1,3,3,8620,1,14,3,3,2,10,3,10,7,0
1064,30,0,1,1,3,1,3,1,9,3,3,2064,0,21,4,1,1,6,4,5,3,1
1065,55,0,2,4,4,1,3,2,5,3,2,4035,0,16,3,2,0,4,3,3,2,1
1066,33,0,2,4,4,0,2,1,3,2,2,3838,8,11,3,4,0,8,3,5,4,0
1067,47,0,3,14,3,0,3,2,1,3,2,4591,3,17,3,3,1,11,2,5,4,1
1068,28,1,2,2,2,1,2,1,3,1,1,2561,7,11,3,3,0,8,2,0,0,0
1069,28,0,2,1,3,1,2,1,2,3,3,1563,1,14,3,4,1,1,1,1,0,0
1070,28,0,3,7,3,1,3,2,1,1,1,4898,0,14,3,4,0,5,3,4,2,1
1071,49,0,2,3,2,0,2,2,3,1,2,4789,4,25,4,1,1,10,3,3,2,1
1072,29,0,2,2,1,0,3,1,3,2,2,3180,0,13,3,3,3,4,3,3,2,0
1073,28,0,2,29,1,1,1,2,4,2,2,6549,1,14,3,2,2,8,2,8,6,1
1074,33,0,2,8,5,1,3,2,5,3,1,6388,2,17,3,1,0,14,3,0,0,0
1075,32,0,2,10,3,1,3,3,6,4,1,11244,2,25,4,2,0,10,4,5,2,0
1076,54,0,2,11,4,0,3,4,6,4,3,16032,3,20,4,1,1,26,3,14,9,1
1077,29,1,2,1,4,1,2,1,2,1,1,2362,6,13,3,3,0,11,1,9,7,0
1078,44,0,2,28,3,1,3,4,8,1,2,16328,3,13,3,3,1,24,4,20,6,14
1079,39,0,2,6,3,0,3,3,4,2,1,8376,4,18,3,4,0,9,3,2,0,2
1080,46,0,3,3,3,0,3,4,6,2,2,16606,8,12,3,4,1,23,4,13,12,5
1081,35,0,2,16,3,0,2,3,5,2,1,8606,1,19,3,4,0,11,1,11,8,3
1082,23,0,2,20,1,1,3,2,3,3,1,2272,0,14,3,2,0,5,3,4,3,1
1083,40,1,2,9,4,1,3,1,3,1,1,2018,3,14,3,2,0,15,1,5,4,1
1084,34,0,3,1,3,1,2,3,1,3,2,7083,1,14,3,4,0,10,3,10,9,8
1085,31,1,2,3,3,0,3,1,2,3,1,4084,1,12,3,1,0,7,1,7,2,7
1086,50,0,2,22,5,1,1,4,8,4,1,14411,1,13,3,4,0,32,3,32,6,13
1087,34,0,3,7,2,1,3,1,7,3,2,2308,0,25,4,2,1,12,3,11,10,5
1088,42,0,2,2,3,1,2,1,3,2,2,4841,4,14,3,2,1,4,3,1,0,0
1089,37,0,2,13,3,1,3,2,2,4,2,4285,1,17,3,1,0,10,3,10,8,3
1090,29,0,2,8,1,0,1,2,5,1,2,9715,3,13,3,3,1,9,3,7,7,0
1091,33,0,2,25,3,1,2,2,4,2,1,4320,1,13,3,4,0,5,3,5,3,0
1092,45,0,2,28,3,1,3,1,2,4,2,2132,4,20,4,4,1,8,3,5,4,0
1093,42,0,2,2,3,1,3,3,5,4,2,10124,2,14,3,3,1,24,1,20,8,13
1094,40,0,3,9,2,1,3,2,1,1,2,5473,0,12,3,4,0,9,4,8,4,7
1095,33,0,2,28,4,1,3,2,3,3,2,5207,1,12,3,2,1,15,3,15,14,5
1096,40,0,1,6,2,1,3,4,6,4,1,16437,1,21,4,4,0,21,3,21,7,7
1097,24,0,2,21,2,1,2,1,3,1,3,2296,0,14,3,2,3,2,3,1,1,0
1098,40,0,2,8,2,1,3,2,5,4,3,4069,3,18,3,3,0,8,3,2,2,2
1099,45,0,2,1,4,1,3,3,5,2,3,7441,1,12,3,1,3,10,3,10,8,7
1100,35,0,3,28,4,0,2,1,7,3,2,2430,0,23,4,1,2,6,3,5,3,4
1101,32,0,2,5,2,0,2,2,2,2,2,5878,3,12,3,1,1,12,3,7,1,2
1102,36,0,3,2,4,1,3,1,7,4,1,2644,3,21,4,4,0,7,2,3,2,1
1103,48,0,3,16,4,0,3,2,1,3,3,6439,8,14,3,3,1,18,3,8,7,7
1104,29,0,2,9,3,1,4,1,2,3,2,2451,6,18,3,1,2,5,2,1,0,0
1105,33,0,3,8,4,1,3,2,1,1,2,6392,2,13,3,4,1,8,1,2,2,2
1106,30,1,3,1,3,1,2,2,1,1,2,9714,1,11,3,4,1,10,3,10,8,6
1107,38,0,1,10,4,1,3,2,9,3,2,6077,3,11,3,3,0,10,3,6,3,1
1108,35,0,2,1,3,1,2,1,3,1,1,2450,1,19,3,2,0,3,3,3,0,1
1109,30,0,3,29,4,1,3,3,1,2,2,9250,3,12,3,2,1,9,3,4,2,1
1110,35,1,2,2,3,0,3,1,3,1,3,2074,1,12,3,4,1,1,3,1,0,0
1111,53,1,2,2,5,0,2,3,4,4,2,10169,0,16,3,2,1,34,3,33,7,1
1112,38,1,2,2,3,1,3,2,4,2,2,4855,4,11,3,1,2,7,3,5,2,1
1113,32,0,2,1,4,1,3,2,2,1,2,4087,4,14,3,2,1,9,2,6,5,1
1114,48,0,2,15,4,0,3,1,2,1,2,2367,8,12,3,4,1,10,2,8,2,7
1115,34,0,2,7,4,1,3,1,2,4,1,2972,1,13,3,3,0,1,1,1,0,0
1116,55,0,3,26,5,1,2,5,6,4,2,19586,1,21,4,3,1,36,3,36,6,2
1117,34,0,2,1,4,1,3,2,2,4,2,5484,9,17,3,2,1,9,2,2,2,2
1118,26,0,2,3,3,0,3,1,2,4,2,2061,1,21,4,1,0,1,3,1,0,0
1119,38,0,3,14,3,1,3,2,1,2,2,9924,0,11,3,4,1,10,3,9,8,7
1120,38,0,3,16,3,0,3,2,1,2,1,4198,2,12,3,2,0,8,4,3,2,1
1121,36,0,3,1,4,0,3,2,1,3,1,6815,6,13,3,1,0,15,3,1,0,0
1122,29,0,2,3,1,1,3,1,3,1,1,4723,1,18,3,4,0,10,3,10,9,1
1123,35,0,2,10,4,0,3,2,5,3,1,6142,3,16,3,3,0,10,3,5,2,0
1124,39,0,3,6,3,1,4,3,1,3,2,8237,2,11,3,1,1,11,3,7,6,7
1125,29,0,2,2,1,1,3,2,5,4,3,8853,1,19,3,4,1,6,4,6,4,1
1126,50,0,3,9,3,1,3,5,6,3,2,19331,4,16,3,3,1,27,3,1,0,0
1127,23,0,2,10,3,1,4,1,2,3,2,2073,2,16,3,4,1,4,3,2,2,2
1128,36,0,2,6,4,1,4,2,3,1,2,5562,3,13,3,4,1,9,3,3,2,0
1129,42,0,2,9,2,1,2,5,6,4,1,19613,8,22,4,4,0,24,3,1,0,0
1130,35,0,2,28,3,1,4,2,3,3,2,3407,1,17,3,4,2,10,2,10,9,6
1131,34,0,2,10,4,1,2,2,5,3,2,5063,1,14,3,2,1,8,2,8,2,7
1132,40,0,3,14,2,0,3,2,1,1,2,4639,1,15,3,3,1,5,3,5,4,1
1133,43,0,2,27,3,1,4,1,3,2,3,4876,5,12,3,3,1,8,3,6,4,0
1134,35,0,2,7,2,1,2,1,3,4,2,2690,1,18,3,4,1,1,2,1,0,0
1135,46,0,3,1,4,1,4,4,6,1,1,17567,1,15,3,2,0,27,1,26,0,0
1136,28,1,2,24,3,1,3,1,3,2,2,2408,1,17,3,3,3,1,3,1,1,0
1137,22,0,2,26,2,0,2,1,2,3,2,2814,1,14,3,2,0,4,2,4,2,1
1138,50,0,2,20,5,1,3,4,5,3,2,11245,2,15,3,3,1,32,3,30,8,12
1139,32,0,2,5,4,0,4,1,2,4,2,3312,3,17,3,4,2,6,3,3,2,0
1140,44,0,2,7,3,0,3,5,8,4,3,19049,0,14,3,4,1,23,2,22,7,1
1141,30,0,2,7,3,1,2,1,2,2,2,2141,1,12,3,2,1,6,2,6,4,1
1142,45,0,2,5,5,0,1,2,3,1,1,5769,1,14,3,1,0,10,3,10,7,1
1143,45,0,3,26,3,1,2,2,1,1,2,4385,1,15,3,1,1,10,3,10,7,4
1144,31,0,3,2,4,1,3,2,1,1,1,5332,7,13,3,4,0,10,3,5,2,0
1145,36,0,2,12,4,0,3,2,4,3,2,4663,9,12,3,2,2,7,3,3,2,1
1146,34,0,2,10,4,1,4,2,4,4,3,4724,1,13,3,1,1,9,3,9,7,7
1147,49,0,2,25,4,0,3,1,3,1,2,3211,1,14,3,4,1,10,2,9,6,1
1148,39,0,2,10,5,1,3,2,4,1,2,5377,2,13,3,4,3,10,3,7,7,7
1149,27,0,2,19,3,1,2,1,3,1,3,4066,1,11,3,1,2,7,3,7,7,0
1150,35,0,2,18,5,1,4,2,2,1,2,5208,1,11,3,4,0,16,3,16,15,1
1151,28,0,2,27,3,0,1,2,4,1,3,4877,0,21,4,2,1,6,2,5,3,0
1152,21,0,2,5,1,1,3,1,2,4,1,3117,1,18,3,3,0,3,3,2,2,2
1153,18,1,3,3,2,0,3,1,7,4,1,1569,1,12,3,3,0,0,4,0,0,0
1154,47,0,1,26,4,0,3,5,6,3,2,19658,3,11,3,3,1,27,3,5,2,1
1155,39,0,2,3,2,1,2,2,3,3,3,3069,0,15,3,4,1,11,3,10,8,0
1156,40,0,2,15,3,0,2,3,4,3,2,10435,1,13,3,4,2,18,3,18,15,14
1157,35,0,2,8,4,0,3,2,5,3,2,4148,1,12,3,4,1,15,3,14,11,2
1158,37,0,2,19,3,1,3,2,4,3,2,5768,3,17,3,1,3,9,2,4,3,0
1159,39,0,2,4,3,0,3,2,4,3,1,5042,0,13,3,4,0,10,1,9,2,3
1160,45,0,2,2,2,0,2,2,4,4,3,5770,1,19,3,1,2,10,3,10,7,3
1161,38,0,2,2,2,0,2,3,4,3,2,7756,3,19,3,4,1,10,4,5,4,0
1162,35,1,3,10,3,1,2,3,1,1,2,10306,9,17,3,3,0,15,3,13,12,6
1163,37,0,2,10,3,0,3,1,2,2,2,3936,1,11,3,1,1,8,1,8,4,7
1164,40,0,2,16,3,0,3,3,4,4,1,7945,6,15,3,4,0,18,2,4,2,3
1165,44,0,1,1,5,1,3,2,9,4,2,5743,4,11,3,3,0,14,3,10,7,0
1166,48,0,2,4,5,1,2,4,6,4,2,15202,2,25,4,2,1,23,3,2,2,2
1167,35,1,3,15,2,1,1,2,1,4,3,5440,6,14,3,4,2,7,2,2,2,2
1168,24,0,2,2,1,0,3,1,2,4,1,3760,1,13,3,3,0,6,3,6,3,1
1169,27,0,2,8,3,0,4,1,2,3,2,3517,7,17,3,1,0,5,3,3,2,0
1170,27,0,2,2,3,1,3,1,2,4,1,2580,2,13,3,3,0,6,2,4,2,1
1171,40,1,2,7,3,1,3,1,3,1,1,2166,3,14,3,2,0,10,1,4,2,0
1172,29,0,3,10,3,1,2,2,1,3,1,5869,9,11,3,3,0,8,3,5,2,1
1173,36,0,2,5,4,0,3,3,5,1,2,8008,4,12,3,3,2,9,3,3,2,0
1174,25,0,2,2,1,1,4,2,4,3,3,5206,1,17,3,3,2,7,3,7,7,0
1175,39,0,2,12,3,1,3,2,4,2,2,5295,4,21,4,3,0,7,3,5,4,1
1176,49,0,2,22,4,0,3,4,8,2,2,16413,3,16,3,2,2,27,3,4,2,1
1177,50,0,2,17,5,0,2,3,8,1,3,13269,5,15,3,3,3,19,3,14,11,1
1178,20,0,3,2,3,0,3,1,7,3,1,2783,1,19,3,1,0,2,3,2,2,2
1179,34,0,2,3,3,0,3,2,2,2,3,5433,1,12,3,3,1,11,3,11,8,7
1180,36,0,2,7,3,1,3,1,3,2,1,2013,2,11,3,3,0,15,3,4,3,1
1181,49,0,2,6,1,0,2,4,5,3,2,13966,2,19,3,2,1,30,3,15,11,2
1182,36,0,2,1,4,0,2,2,4,3,2,4374,0,15,3,3,0,4,3,3,2,1
1183,36,0,2,3,2,1,4,2,5,1,3,6842,6,20,4,1,1,13,3,5,4,0
1184,54,0,2,22,5,0,3,4,6,3,2,17426,3,25,4,3,1,36,3,10,8,4
1185,43,0,2,15,2,1,2,4,8,3,2,17603,1,24,4,1,1,14,3,14,10,6
1186,35,1,3,12,4,1,3,2,1,4,1,4581,3,24,4,1,0,13,4,11,9,6
1187,38,0,2,1,3,1,3,2,2,4,2,4735,7,15,3,4,2,19,4,13,11,2
1188,29,0,3,5,3,1,2,2,1,2,3,4187,1,13,3,2,1,10,2,10,0,0
1189,33,0,3,2,4,1,3,2,1,4,3,5505,1,14,3,3,2,6,3,6,2,0
1190,32,0,2,2,3,1,3,2,2,2,3,5470,0,13,3,3,2,10,2,9,5,1
1191,31,0,3,5,4,0,3,2,1,4,2,5476,1,11,3,1,2,10,3,10,0,0
1192,49,0,2,16,3,0,3,1,3,1,3,2587,4,16,3,2,1,17,2,2,2,2
1193,38,0,2,2,3,0,2,1,3,2,1,2440,1,22,4,2,0,4,3,4,3,3
1194,47,0,3,2,4,0,4,4,6,2,3,15972,6,14,3,3,3,29,3,3,2,1
1195,49,0,2,1,3,1,3,4,6,3,1,15379,4,14,3,1,0,23,3,8,7,0
1196,41,0,3,23,2,1,3,3,1,3,1,7082,3,16,3,4,0,21,3,2,0,0
1197,20,0,3,9,1,1,3,1,7,1,1,2728,1,11,3,1,0,2,3,2,2,0
1198,33,0,3,16,3,0,3,2,1,4,3,5368,1,25,4,3,1,7,3,6,5,1
1199,36,0,2,26,4,1,3,2,5,3,2,5347,6,14,3,2,2,10,2,3,2,0
1200,44,0,1,1,3,0,3,1,9,4,3,3195,4,18,3,1,3,8,3,2,2,2
1201,23,1,2,8,1,1,2,1,3,3,1,3989,1,11,3,1,0,5,3,5,4,1
1202,38,0,2,4,2,0,3,1,3,3,2,3306,7,19,3,4,1,7,2,0,0,0
1203,53,0,2,24,4,1,4,3,5,4,2,7005,3,15,3,3,0,11,3,4,3,1
1204,48,1,3,7,2,0,3,1,7,3,2,2655,2,11,3,3,2,19,3,9,7,7
1205,32,1,2,2,4,1,3,1,3,2,1,1393,1,12,3,1,0,1,3,1,0,0
1206,26,0,2,7,3,1,3,1,3,4,1,2570,1,20,4,3,0,7,3,7,7,5
1207,55,0,2,22,3,1,2,1,2,2,3,3537,5,12,3,4,1,8,3,4,2,1
1208,34,0,2,5,2,1,2,2,3,4,2,3986,1,14,3,3,1,15,4,15,10,4
1209,60,0,2,1,4,1,1,3,5,4,3,10883,3,20,4,3,1,19,4,1,0,0
1210,33,0,2,21,3,1,4,1,3,2,2,2028,1,18,3,4,3,14,3,14,11,2
1211,37,0,3,1,4,1,1,2,1,4,3,9525,1,14,3,3,2,6,2,6,3,1
1212,34,0,2,19,3,0,2,1,2,4,2,2929,1,12,3,2,0,10,3,10,9,8
1213,23,1,3,7,3,1,3,1,7,4,3,2275,1,21,4,2,1,3,3,3,2,0
1214,44,0,2,2,3,0,4,3,5,4,2,7879,1,19,3,2,1,9,3,8,7,6
1215,35,0,2,2,4,1,2,1,2,4,1,4930,0,14,3,3,0,6,4,5,4,1
1216,43,0,3,2,3,1,3,2,1,4,2,7847,1,17,3,1,1,10,3,10,9,8
1217,24,0,2,9,3,1,4,1,2,3,2,4401,1,16,3,4,1,5,3,5,3,0
1218,41,0,3,6,3,1,3,3,1,3,1,9241,1,12,3,2,0,10,3,10,8,8
1219,29,0,2,9,4,0,3,1,3,3,2,2974,9,17,3,3,1,9,3,5,3,1
1220,36,0,3,2,4,0,3,2,7,4,1,4502,3,15,3,3,0,17,2,13,7,6
1221,45,0,2,1,1,1,2,3,5,3,2,10748,3,23,4,4,1,25,2,23,15,14
1222,24,1,1,22,1,1,1,1,9,3,2,1555,1,11,3,3,1,1,3,1,0,0
1223,47,1,3,9,3,1,1,4,1,3,2,12936,7,11,3,3,0,25,1,23,5,14
1224,26,0,2,17,4,1,1,1,3,3,2,2305,1,15,3,3,3,3,4,3,2,0
1225,45,0,2,28,2,0,2,4,8,2,1,16704,1,11,3,3,0,21,3,21,6,8
1226,32,0,2,10,3,1,3,1,2,3,2,3433,6,13,3,1,1,10,2,5,2,1
1227,31,0,2,2,4,1,3,1,3,3,2,3477,1,14,3,4,1,6,4,5,2,0
1228,41,0,1,4,3,1,1,2,9,2,2,6430,6,19,3,2,1,10,3,3,2,1
1229,40,0,2,8,2,0,3,2,4,1,2,6516,2,16,3,2,1,18,3,1,0,0
1230,24,0,2,29,1,1,3,1,3,1,3,3907,1,13,3,2,3,6,4,6,2,1
1231,46,0,2,13,4,1,3,2,5,2,1,5562,6,14,3,4,0,19,3,10,7,0
1232,35,0,2,27,4,1,3,2,4,3,2,6883,2,16,3,2,1,17,3,7,7,0
1233,30,0,2,16,1,1,3,1,2,4,2,2862,1,12,3,2,1,10,2,10,0,0
1234,47,0,3,2,4,1,3,2,1,2,2,4978,7,11,3,4,1,4,1,1,0,0
1235,46,0,3,2,3,1,3,3,1,4,3,10368,4,12,3,2,1,13,2,10,6,0
1236,36,1,3,13,5,1,2,2,1,1,3,6134,5,13,3,2,3,16,3,2,2,2
1237,32,1,3,1,2,1,1,2,1,2,1,6735,6,15,3,2,0,10,3,0,0,0
1238,23,0,2,4,1,0,3,1,3,2,1,3295,1,13,3,3,0,3,1,3,2,1
1239,31,0,2,24,1,0,3,2,4,4,1,5238,2,20,4,4,0,9,2,5,4,1
1240,39,0,2,1,3,1,3,2,3,4,2,6472,1,15,3,4,1,9,3,9,8,5
1241,32,0,3,19,3,1,1,3,1,3,2,9610,3,13,3,3,1,10,1,4,3,0
1242,40,0,3,7,4,1,3,5,6,2,1,19833,1,14,3,2,0,21,2,21,8,12
1243,45,0,1,4,3,0,1,3,9,3,2,9756,4,21,4,3,2,9,4,5,0,0
1244,30,0,2,2,4,0,2,1,2,1,1,4968,0,16,3,4,0,10,3,9,7,0
1245,24,0,1,10,3,1,3,1,9,4,2,2145,0,14,3,4,1,3,3,2,2,2
1246,30,1,1,8,3,0,2,1,9,4,3,2180,6,11,3,3,1,6,2,4,2,1
1247,31,0,3,5,3,1,3,2,1,3,2,8346,1,19,3,3,1,6,3,5,2,0
1248,27,0,2,8,3,0,3,1,2,4,1,3445,1,11,3,3,0,6,2,6,2,1
1249,29,1,3,9,3,0,1,1,7,2,1,2760,1,13,3,3,0,2,3,2,2,2
1250,29,0,2,1,3,1,4,2,5,3,1,6294,8,12,3,4,0,10,4,3,2,0
1251,30,0,3,15,2,1,2,3,1,1,3,7140,2,11,3,1,1,12,3,7,7,1
1252,34,0,2,2,4,1,4,1,2,4,2,2932,0,14,3,1,3,6,3,5,0,1
1253,33,0,3,2,3,0,3,2,1,2,1,5147,8,15,3,4,0,13,2,11,7,1
1254,49,0,3,11,4,0,3,2,1,4,1,4507,3,12,3,3,0,8,4,5,1,0
1255,33,1,3,16,3,0,3,3,1,1,1,8564,2,20,4,3,0,11,2,0,0,0
1256,38,0,2,2,2,0,2,1,3,2,2,2468,4,14,3,2,1,9,2,6,1,0
1257,31,1,3,16,4,1,3,3,1,3,2,8161,2,13,3,1,3,10,3,1,0,0
1258,29,0,2,4,3,0,2,1,2,1,3,2109,1,13,3,3,1,1,3,1,0,0
1259,30,0,2,16,3,1,4,2,5,3,2,5294,3,16,3,3,1,10,3,7,0,1
1260,32,0,2,5,4,1,3,1,2,2,1,2718,2,14,3,2,0,12,3,7,7,0
1261,38,0,2,18,3,1,1,2,5,4,2,5811,3,16,3,3,1,15,3,1,0,1
1262,43,1,2,17,3,1,2,1,2,3,2,2437,9,16,3,4,1,6,3,1,0,0
1263,42,0,2,12,3,1,3,1,3,2,3,2766,8,22,4,2,3,7,2,5,3,0
1264,55,0,2,2,3,1,2,5,8,1,2,19038,8,12,3,2,3,34,3,1,0,0
1265,33,0,2,4,3,1,3,2,2,2,3,3055,5,15,3,4,2,11,2,9,8,1
1266,41,0,2,9,4,1,3,1,3,1,3,2289,1,20,4,2,2,5,3,5,3,0
1267,34,0,3,10,3,1,3,2,1,3,3,4001,1,14,3,3,1,15,3,15,14,0
1268,53,0,2,1,4,0,2,4,4,3,2,12965,4,20,4,4,3,27,2,3,2,0
1269,43,0,1,2,3,1,3,1,9,4,1,3539,0,13,3,2,0,10,3,9,7,1
1270,34,0,3,3,2,0,1,2,1,4,1,6029,5,12,3,1,0,6,3,2,2,2
1271,21,1,3,7,1,1,3,1,7,2,1,2679,1,13,3,2,0,1,3,1,0,1
1272,38,0,2,6,2,0,2,1,3,3,2,3702,1,11,3,2,1,5,3,5,4,0
1273,22,1,2,8,1,0,3,1,3,1,2,2398,1,17,3,3,0,1,3,1,0,0
1274,31,0,3,29,4,0,2,2,1,4,2,5468,1,14,3,1,2,13,3,12,7,5
1275,51,0,2,3,3,0,3,3,6,3,2,13116,2,11,3,4,0,15,3,2,2,2
1276,37,0,3,9,2,1,2,2,1,2,2,4189,1,14,3,1,2,5,3,5,2,0
1277,46,0,2,2,4,1,3,5,8,4,3,19328,7,17,3,3,1,24,3,2,1,2
1278,36,0,2,10,3,1,3,3,5,1,2,8321,7,13,3,4,1,15,3,12,8,5
1279,44,1,2,1,2,1,3,1,2,2,3,2342,1,12,3,3,3,6,2,5,3,2
1280,37,0,1,8,2,1,3,2,9,2,3,4071,2,13,3,3,0,19,2,10,0,4
1281,35,1,3,27,3,1,3,2,1,4,1,5813,1,18,3,4,0,10,3,10,7,7
1282,33,0,2,8,4,1,4,1,2,1,2,3143,6,19,3,2,1,14,3,10,8,7
1283,28,0,2,1,3,1,3,1,2,4,2,2044,1,11,3,3,1,5,4,5,3,0
1284,39,0,2,10,1,1,3,3,8,3,1,13464,7,21,4,3,0,9,3,4,3,2
1285,46,0,3,26,2,1,2,2,1,2,1,7991,8,15,3,3,0,6,3,2,2,2
1286,40,0,2,2,2,0,3,1,3,1,2,3377,4,17,3,4,1,7,2,4,3,0
1287,42,0,2,13,3,1,4,2,5,1,2,5538,5,18,3,3,2,10,2,0,0,0
1288,35,0,2,2,2,1,3,2,4,4,3,5762,2,14,3,3,1,15,3,7,7,1
1289,38,0,1,2,3,1,3,1,9,2,3,2592,5,13,3,4,3,13,3,11,10,3
1290,34,1,2,9,4,1,3,2,3,1,2,5346,4,17,3,3,1,11,2,7,1,0
1291,37,1,2,10,4,1,3,2,4,1,1,4213,1,15,3,2,0,10,1,10,3,0
1292,39,0,3,20,3,1,3,2,1,4,3,4127,2,18,3,4,1,7,3,2,1,2
1293,43,0,2,9,3,1,3,1,2,3,1,2438,4,13,3,3,0,7,2,3,2,1
1294,41,0,2,5,3,1,4,2,5,2,1,6870,3,12,3,1,0,11,1,3,2,1
1295,41,0,3,4,1,0,3,3,1,3,3,10447,0,13,3,4,1,23,4,22,14,13
1296,30,0,2,10,3,0,3,3,4,3,1,9667,9,14,3,2,0,9,3,7,7,0
1297,26,1,1,20,2,0,3,1,9,2,2,2148,0,11,3,3,0,6,3,5,1,1
1298,46,1,2,21,2,0,3,2,5,2,2,8926,4,22,4,4,1,13,4,9,7,3
1299,40,0,2,1,3,0,3,2,5,4,3,6513,4,17,3,4,1,12,3,5,3,0
1300,34,0,3,8,2,1,4,2,1,3,2,6799,1,21,4,3,2,10,3,10,8,4
1301,58,0,3,2,3,1,3,4,6,2,3,16291,4,22,4,4,1,37,2,16,9,14
1302,35,0,2,23,4,1,1,1,3,3,2,2705,0,16,3,2,1,6,4,5,4,0
1303,47,0,2,4,3,0,2,3,4,2,3,10333,8,12,3,3,1,28,3,22,11,14
1304,40,0,2,12,3,0,3,2,5,1,3,4448,2,12,3,2,1,15,3,7,4,7
1305,54,0,2,7,4,0,3,2,2,4,2,6854,4,15,3,2,1,14,2,7,1,1
1306,31,0,3,7,4,0,3,3,1,1,2,9637,2,14,3,4,2,9,3,3,2,2
1307,28,0,2,1,3,0,3,1,2,1,2,3591,1,25,4,3,1,3,3,3,2,1
1308,38,0,3,2,4,0,1,2,7,4,2,5405,2,20,4,1,2,20,2,4,2,0
1309,26,0,3,10,3,1,3,2,1,4,1,4684,1,13,3,1,0,5,3,5,3,1
1310,58,0,2,15,4,1,3,4,8,3,2,15787,2,14,3,2,0,23,3,2,2,2
1311,18,0,2,14,3,0,3,1,2,3,1,1514,1,16,3,3,0,0,1,0,0,0
1312,31,1,1,18,5,1,4,1,9,1,2,2956,0,17,3,3,0,2,3,1,0,0
1313,29,1,1,13,3,1,2,1,9,1,3,2335,4,15,3,4,3,4,3,2,2,2
1314,45,0,3,2,4,0,3,2,1,3,2,5154,4,22,4,2,2,10,4,8,7,5
1315,36,0,2,2,4,0,3,2,2,2,2,6962,4,22,4,4,1,15,3,1,0,0
1316,43,0,3,2,4,1,3,2,1,4,2,5675,1,20,4,3,1,7,3,7,7,7
1317,27,0,2,5,2,0,3,1,3,4,1,2379,0,14,3,3,0,6,2,5,4,0
1318,29,0,2,20,1,1,3,1,3,4,2,3812,1,13,3,2,0,11,4,11,8,3
1319,32,0,3,10,4,1,3,2,1,4,1,4648,8,13,3,3,0,4,4,0,0,0
1320,42,0,2,10,4,1,3,1,2,3,2,2936,3,22,4,2,2,10,2,6,3,3
1321,47,0,2,9,4,0,3,1,3,3,1,2105,4,12,3,3,0,7,3,2,2,2
1322,46,0,2,2,2,1,3,3,4,4,3,8578,3,14,3,3,1,12,2,9,8,4
1323,28,0,1,1,2,1,3,1,9,4,3,2706,1,15,3,2,1,3,3,3,2,2
1324,29,0,2,29,1,1,1,2,5,3,3,6384,8,17,3,4,2,11,3,7,0,1
1325,42,0,2,8,3,1,3,1,3,3,1,3968,4,13,3,4,0,8,3,0,0,0
1326,32,1,3,2,4,1,2,2,1,2,1,9907,7,12,3,3,0,7,2,2,2,2
1327,46,0,3,3,3,0,4,4,1,1,3,13225,2,12,3,4,1,25,3,19,17,2
1328,27,0,3,23,1,0,2,2,7,3,2,3540,1,21,4,4,1,9,3,9,8,5
1329,29,0,1,6,1,1,2,1,9,2,2,2804,1,11,3,4,0,1,3,1,0,0
1330,43,0,2,6,3,0,2,5,6,3,2,19392,7,13,3,4,0,21,3,16,12,6
1331,48,0,2,10,3,1,2,5,8,2,2,19665,4,12,3,4,0,29,3,22,10,12
1332,29,1,2,24,2,1,2,1,2,4,1,2439,1,24,4,2,0,1,2,1,0,1
1333,46,1,3,10,3,0,3,3,1,2,2,7314,5,21,4,3,3,14,3,8,7,0
1334,27,0,2,15,3,0,2,1,2,1,2,4774,0,19,3,4,1,8,2,7,6,7
1335,39,0,2,19,4,1,3,2,2,4,3,3902,8,14,3,2,3,7,3,2,2,2
1336,55,0,2,2,4,1,2,1,2,4,2,2662,8,20,4,2,1,19,4,5,2,0
1337,28,0,3,3,3,0,3,1,7,2,2,2856,1,19,3,4,1,1,3,1,0,0
1338,30,1,3,9,3,1,3,1,7,4,1,1081,1,13,3,3,0,1,2,1,0,0
1339,22,1,2,7,1,1,3,1,2,2,1,2472,1,23,4,1,0,1,3,1,0,0
1340,36,0,3,10,4,0,2,2,1,3,2,5673,1,13,3,1,1,10,3,10,9,1
1341,31,0,2,20,3,1,3,2,3,3,3,4197,1,11,3,1,1,10,3,10,8,0
1342,34,0,3,4,3,1,3,3,1,4,2,9713,2,13,3,4,3,9,3,5,3,1
1343,29,0,2,7,3,1,3,1,3,1,1,2062,3,14,3,2,0,11,3,3,2,1
1344,37,0,2,7,4,1,3,2,2,1,2,4284,5,22,4,3,1,16,3,5,3,0
1345,35,0,2,16,2,0,2,2,4,2,2,4788,0,11,3,4,0,4,3,3,2,0
1346,45,0,2,25,2,0,2,2,4,4,2,5906,0,13,3,4,2,10,2,9,8,3
1347,36,0,1,2,1,1,2,2,9,4,1,3886,1,21,4,4,0,10,2,10,1,0
1348,40,0,2,1,4,1,3,4,6,1,3,16823,2,11,3,1,1,22,3,19,7,11
1349,26,0,2,1,2,0,2,1,2,3,2,2933,1,13,3,3,1,1,2,1,0,1
1350,27,0,3,2,2,0,4,2,1,3,1,6500,0,14,3,2,0,9,2,8,7,0
1351,48,0,2,22,3,0,3,4,6,4,3,17174,3,11,3,2,1,24,3,22,17,4
1352,44,0,2,1,4,1,4,2,5,1,2,5033,2,15,3,4,1,10,3,2,0,2
1353,34,1,2,16,4,1,1,1,2,1,2,2307,1,23,4,2,1,5,3,5,2,3
1354,56,1,2,24,2,1,3,1,3,4,1,2587,1,16,3,4,0,5,3,4,2,1
1355,36,0,3,17,2,1,2,2,1,2,2,5507,2,16,3,3,2,12,1,4,2,1
1356,41,0,3,8,3,0,3,2,1,2,2,4393,5,21,4,3,1,14,3,5,4,1
1357,42,0,2,6,3,1,3,3,8,1,2,13348,9,13,3,2,1,18,4,13,7,5
1358,31,0,3,10,2,0,3,2,1,4,3,6583,2,11,3,4,1,8,3,5,2,1
1359,34,0,3,3,1,0,2,2,1,4,2,8103,3,12,3,3,0,9,2,4,2,0
1360,31,0,2,4,3,0,4,1,3,3,3,3978,8,12,3,2,1,4,2,2,2,2
1361,26,0,2,6,3,1,4,1,3,4,2,2544,0,18,3,1,1,8,3,7,7,7
1362,45,0,2,1,4,1,3,2,5,3,1,5399,4,12,3,3,0,12,3,4,2,0
1363,33,0,3,10,4,1,3,2,1,3,1,5487,1,14,3,2,0,10,2,10,4,0
1364,28,0,3,1,2,1,2,2,1,4,2,6834,1,12,3,3,1,7,3,7,7,0
1365,29,1,3,24,3,1,4,1,7,1,1,1091,1,17,3,4,0,1,3,1,0,0
1366,39,0,3,21,4,0,1,2,1,3,2,5736,6,19,3,3,1,10,3,3,2,1
1367,27,0,2,2,4,1,3,1,2,2,2,2226,1,11,3,3,1,6,2,5,3,1
1368,34,0,2,22,4,1,2,2,2,4,2,5747,1,15,3,2,0,16,3,15,10,6
1369,28,1,3,13,2,0,3,2,1,3,1,9854,3,11,3,4,0,6,3,2,0,2
1370,47,0,2,14,4,1,3,2,2,2,2,5467,8,18,3,3,1,16,4,8,7,1
1371,56,0,3,11,5,0,2,2,1,1,2,5380,4,16,3,3,1,6,3,0,0,0
1372,39,0,2,9,2,1,3,2,4,1,2,5151,1,25,4,4,1,10,3,10,0,7
1373,38,0,2,8,3,0,2,2,2,2,3,2133,1,16,3,3,1,20,3,20,11,0
1374,58,0,3,21,3,0,3,4,6,4,2,17875,4,13,3,3,1,29,2,1,0,0
1375,32,1,2,5,2,0,4,1,2,3,1,2432,3,14,3,1,0,8,3,4,1,0
1376,38,0,2,9,2,1,3,1,2,4,3,4771,2,19,3,4,2,10,4,5,2,0
1377,49,0,2,2,1,1,3,5,8,4,2,19161,3,15,3,4,0,28,3,5,4,4
1378,42,0,3,12,4,1,3,2,1,4,3,5087,3,12,3,3,2,14,3,0,0,0
1379,27,1,1,22,3,0,2,1,9,2,2,2863,1,12,3,1,0,1,3,1,0,0
1380,35,0,3,18,4,1,3,2,1,1,2,5561,0,16,3,4,1,6,1,5,3,0
1381,28,0,2,16,3,1,3,1,2,3,1,2144,1,14,3,3,0,5,2,5,3,1
1382,31,0,2,3,2,1,3,1,2,1,3,3065,1,13,3,4,1,4,4,4,2,2
1383,36,0,2,9,4,1,4,1,3,2,2,2810,1,22,4,2,0,5,3,5,4,0
1384,34,0,3,1,3,1,3,3,1,4,1,9888,1,21,4,1,0,14,2,14,8,2
1385,34,0,3,13,4,1,3,3,1,3,3,8628,1,18,3,3,1,9,2,8,7,1
1386,26,0,2,1,3,1,3,1,3,1,1,2867,0,13,3,4,0,8,2,7,7,7
1387,29,0,2,1,3,1,3,2,5,1,2,5373,0,12,3,1,1,6,2,5,3,0
1388,32,0,2,15,4,0,3,2,5,4,3,6667,5,18,3,2,1,9,3,5,1,1
1389,31,0,2,1,3,1,1,2,2,1,2,5003,1,21,4,2,0,10,3,10,8,8
1390,28,1,2,17,3,1,2,1,3,4,3,2367,5,12,3,1,1,6,2,4,1,0
1391,38,0,3,1,3,1,2,1,7,1,1,2858,4,14,3,1,0,20,2,1,0,0
1392,35,0,3,7,4,0,3,2,1,4,2,5204,1,11,3,4,0,10,3,10,8,0
1393,27,0,3,9,3,1,3,2,1,4,1,4105,1,14,3,1,0,7,3,7,7,0
1394,32,0,2,5,4,1,2,2,4,4,1,9679,8,24,4,2,0,8,3,1,0,0
1395,31,1,3,26,4,1,3,2,1,4,2,5617,1,11,3,3,0,10,3,10,7,0
1396,53,1,3,24,4,1,3,3,1,1,1,10448,6,13,3,2,0,15,2,2,2,2
1397,54,0,2,9,2,0,3,2,2,3,2,2897,3,11,3,3,2,9,2,4,3,2
1398,33,0,2,7,2,1,3,2,5,3,3,5968,1,20,4,3,3,9,3,9,7,2
1399,43,0,2,11,3,1,3,3,5,3,2,7510,1,17,3,2,1,10,3,10,9,0
1400,38,0,1,1,4,1,3,1,9,2,2,2991,0,11,3,2,1,7,3,6,2,1
1401,55,0,1,26,4,1,4,5,6,2,2,19636,4,18,3,1,1,35,3,10,9,1
1402,31,0,2,2,1,0,1,1,3,4,3,1129,1,11,3,3,3,1,3,1,0,0
1403,39,0,3,15,4,1,3,4,1,1,1,13341,0,12,3,1,0,21,3,20,8,11
1404,42,0,2,23,2,1,2,2,2,3,1,4332,1,12,3,4,0,20,3,20,9,3
1405,31,0,2,10,3,0,3,3,8,3,2,11031,4,20,4,3,1,13,4,11,7,4
1406,54,0,2,10,3,0,3,2,4,1,1,4440,6,19,3,4,0,9,3,5,2,1
1407,24,0,2,1,2,1,2,2,5,3,1,4617,1,12,3,2,0,4,2,4,3,1
1408,23,0,2,12,2,1,3,1,3,4,1,2647,1,13,3,3,0,5,4,5,2,1
1409,40,0,2,11,3,0,3,2,3,3,2,6323,1,11,3,1,1,10,4,10,9,9
1410,40,0,3,2,2,0,3,2,1,2,2,5677,3,14,3,3,1,15,3,11,8,5
1411,25,0,1,2,3,0,3,1,9,2,2,2187,4,14,3,3,0,6,3,2,0,1
1412,30,0,2,1,2,1,3,1,3,2,2,3748,1,13,3,3,0,12,2,12,8,1
1413,25,0,2,2,1,1,3,1,3,3,3,3977,6,19,3,3,1,7,2,2,2,0
1414,47,0,2,25,3,1,3,3,5,3,1,8633,2,23,4,2,0,25,3,17,14,12
1415,33,0,2,1,2,1,2,1,3,3,3,2008,1,12,3,3,3,1,2,1,1,0
1416,38,0,3,1,4,1,3,2,1,2,2,4440,0,15,3,1,2,16,3,15,13,5
1417,31,0,3,2,2,1,3,1,7,3,2,3067,0,19,3,3,1,3,3,2,2,1
1418,38,0,2,6,4,1,2,2,4,3,2,5321,2,11,3,4,1,10,3,8,3,7
1419,42,0,2,18,4,1,3,2,2,1,3,5410,6,17,3,3,1,9,2,4,3,1
1420,41,0,2,1,3,1,3,1,2,4,2,2782,3,22,4,1,1,12,3,5,3,1
1421,47,0,2,1,1,0,3,3,8,2,2,11957,0,18,3,1,2,14,1,13,8,5
1422,35,0,2,11,4,1,3,1,3,3,2,2660,7,11,3,3,1,5,3,2,2,2
1423,22,0,2,1,2,1,3,1,2,3,1,3375,0,12,3,4,0,4,4,3,2,1
1424,35,0,2,9,4,1,3,2,2,3,1,5098,1,19,3,2,0,10,3,10,7,0
1425,33,0,2,15,2,0,3,2,5,4,2,4878,0,13,3,1,1,10,3,9,7,8
1426,32,0,2,29,4,0,2,1,3,2,1,2837,1,13,3,3,0,6,3,6,2,4
1427,40,0,2,1,4,1,3,1,3,4,2,2406,8,19,3,3,2,8,2,1,0,0
1428,32,0,3,1,4,1,2,1,7,2,2,2269,0,14,3,2,1,3,3,2,2,2
1429,39,0,2,24,1,1,3,2,2,4,1,4108,7,13,3,1,0,18,3,7,7,1
1430,38,0,2,10,3,0,1,3,8,3,2,13206,3,12,3,1,1,20,3,18,16,1
1431,32,0,3,1,4,0,3,3,1,4,2,10422,1,19,3,3,2,14,3,14,10,5
1432,37,0,2,10,3,0,4,3,8,4,2,13744,1,25,4,1,1,16,3,16,11,6
1433,25,0,3,8,2,0,3,2,1,3,3,4907,0,22,4,2,1,6,2,5,3,0
1434,52,0,3,29,4,1,3,1,7,4,3,3482,2,15,3,2,2,16,2,9,8,0
1435,44,0,2,1,3,1,3,1,2,4,1,2436,6,12,3,3,0,6,3,4,3,1
1436,21,0,3,5,1,1,3,1,7,1,1,2380,1,11,3,4,0,2,3,2,2,1
1437,39,0,2,9,3,1,3,5,6,4,1,19431,2,13,3,3,0,21,2,6,0,1
1438,23,1,3,9,3,1,3,1,7,1,2,1790,1,19,3,1,1,1,2,1,0,1
1439,36,0,3,3,3,0,2,3,1,4,2,7644,0,19,3,3,2,10,3,9,7,3
1440,36,0,2,4,2,0,3,2,4,2,3,5131,7,13,3,2,3,18,3,4,2,0
1441,56,0,2,1,4,1,3,2,5,3,3,6306,1,21,4,1,1,13,2,13,12,1
1442,29,1,2,1,4,1,3,1,2,4,2,4787,9,14,3,2,3,4,4,2,2,2
1443,42,0,2,2,3,1,3,5,6,3,2,18880,5,11,3,1,0,24,2,22,6,4
1444,56,1,2,7,2,1,3,1,3,3,2,2339,8,11,3,4,1,14,1,10,9,9
1445,41,0,2,28,4,0,2,4,4,2,2,13570,0,23,4,3,1,21,3,20,7,0
1446,34,0,3,28,3,0,2,2,1,3,2,6712,1,21,4,4,2,8,3,8,7,1
1447,36,0,3,15,4,1,1,2,1,4,3,5406,1,24,4,1,1,15,2,15,12,11
1448,41,0,3,3,3,1,2,2,1,2,3,8938,2,11,3,3,1,14,3,5,4,0
1449,32,0,2,2,3,1,3,1,2,1,1,2439,1,14,3,4,0,4,3,4,2,1
1450,35,0,1,26,4,0,3,3,9,4,1,8837,1,16,3,3,0,9,3,9,0,1
1451,38,0,3,10,2,0,3,2,1,4,2,5343,1,11,3,3,1,10,3,10,7,1
1452,50,1,3,1,4,1,3,2,1,3,3,6728,7,12,3,4,2,12,3,6,3,0
1453,36,0,3,11,4,0,2,2,1,4,2,6652,4,13,3,1,1,8,2,6,3,0
1454,45,0,3,20,3,0,3,2,1,3,1,4850,8,15,3,3,0,8,3,5,3,0
1455,40,0,2,2,4,1,2,1,2,3,1,2809,2,14,3,4,0,8,3,2,2,2
1456,35,0,2,18,4,1,3,2,5,3,2,5689,1,14,3,4,2,10,4,10,2,0
1457,40,0,2,2,4,0,3,1,2,3,2,2001,2,14,3,2,3,20,3,5,3,0
1458,35,0,2,1,4,0,1,1,2,4,2,2977,1,12,3,4,1,4,3,4,3,1
1459,29,0,2,13,2,1,2,2,3,2,2,4025,4,13,3,1,1,10,3,4,3,0
1460,29,0,2,28,4,0,2,1,2,1,1,3785,1,14,3,2,0,5,1,5,4,0
1461,50,1,3,28,3,1,2,3,1,1,3,10854,4,13,3,2,1,20,3,3,2,2
1462,39,0,3,24,1,0,2,4,1,4,2,12031,0,11,3,1,1,21,2,20,9,9
1463,31,0,2,5,3,1,3,2,4,1,1,9936,0,19,3,2,0,10,3,9,4,1
1464,26,0,3,5,3,0,2,1,7,3,1,2966,0,18,3,4,0,5,3,4,2,0
1465,36,0,2,23,2,1,4,2,3,4,2,2571,4,17,3,3,1,17,3,5,2,0
1466,39,0,2,6,1,1,2,3,5,1,2,9991,4,15,3,1,1,9,3,7,7,1
1467,27,0,2,4,3,1,4,2,4,2,2,6142,1,20,4,2,1,6,3,6,2,0
1468,49,0,3,2,3,1,2,2,1,2,2,5390,2,14,3,4,0,17,2,9,6,0
1469,34,0,2,8,3,1,4,2,3,3,2,4404,2,12,3,1,0,6,4,4,3,1
